Lot,Variety,Fields,Customer,Selected,Ranking,Greeness ,Shatter ,Rating,Evergreen,Woody,Nutty,Earthy,Spicy,Vegetal,Floral,Grassy,Herbal,Fruity,Stonefruit,Citrus,Tropical,OG,Cheesy,Plastic,Diesel,Notes
22-WA397-001,Simcoe ,"#15,#14 East",Official Sensory,Yes,0,5,2,0,0,2,0,0,0,0,2,1,1,0,5,6,6,0,0,0,0,Average internal validated sensory analysis for lot 22-WA397-001
22-WA397-001,Simcoe ,"#15,#14 East",MOTHER EARTH BREW CO.,No,3,5,2,6,0,3,0,0,0,0,0,5,5,0,7,4,0,0,3,0,0,"Peach rings,"
22-WA397-001,Simcoe ,"#15,#14 East","DESCHUTES BREWERY, INC",No,4,5,2,7,0,0,0,0,0,0,0,0,0,0,0,0,0,0,0,0,0,"Clean, low impact, fruit, pine"
22-WA397-001,Simcoe ,"#15,#14 East",Pinthouse Pizza LLC,No,5,5,2,8,0,0,0,0,0,0,0,3,0,0,4,7,3,0,0,0,0,"Felt a touch dry, grape bubblegum, sweeter fruit aroma, less intense grapefruit"
22-WA397-001,Simcoe ,"#15,#14 East",FOUNDERS BREWING CO.,No,0,5,2,5,0,0,0,0,0,0,0,0,0,0,0,5,0,3,0,0,0,"Meh, catty, some og, grapefruit, fruit cup, pine"
22-WA397-002,Simcoe ,#15,Fiddlehead Brewing Co,Yes,1,4,3,9,0,1,0,3,0,2,5,1,2,0,5,6,8,0,0,3,2,"Fresh peach, mango, papaya, pineapple, bright, light waxy, honey *top choice"
22-WA397-002,Simcoe ,#15,Official Sensory,Yes,0,4,3,0,0,4,0,0,1,0,2,1,3,0,4,5,3,1,0,0,0,Average internal validated sensory analysis for lot 22-WA397-002
22-WA397-002,Simcoe ,#15,Fat Head's Brewery,No,5,4,3,3,0,2,0,3,3,4,4,4,4,0,3,3,3,2,3,1,1,"Darker, had some oxidation, herbal, grassy, minty, lacking tropical fruitiness and complexity"
22-WA397-003,Simcoe ,#15,Official Sensory,Yes,0,4,2,0,0,3,0,0,0,1,2,1,3,0,4,6,5,1,0,0,0,Average internal validated sensory analysis for lot 22-WA397-003
22-WA397-004,Simcoe ,#16,ABInBev,Yes,4,3,3,7,0,0,0,0,0,0,0,0,0,0,0,0,0,0,0,0,0," - ALL OF THIS LOT - 29,040# to brewhouse blend"
22-WA397-004,Simcoe ,#16,Official Sensory,Yes,0,3,3,0,0,4,0,0,1,1,1,1,2,0,4,6,4,0,0,0,0,Average internal validated sensory analysis for lot 22-WA397-004
22-WA397-005,Simcoe ,#16,Superflux Beer Company,Yes,1,5,3,7,0,0,0,0,0,0,0,0,0,0,0,4,4,0,0,0,0,
22-WA397-005,Simcoe ,#16,GREAT LAKES BREWING CO,Yes,1,5,3,7,0,7,0,0,0,0,0,0,0,0,0,7,0,0,0,0,0,
22-WA397-005,Simcoe ,#16,Barrelhouse Brewing Co,Yes,1,5,3,9,0,6,0,0,0,0,0,0,0,0,4,5,4,0,0,0,0,
22-WA397-005,Simcoe ,#16,Hi-Wire Brewing Company,Yes,1,5,3,8,0,0,0,0,0,0,0,0,0,0,6,6,6,0,0,0,0,
22-WA397-005,Simcoe ,#16,FrauGruber Craft Brewing,Yes,1,5,3,10,0,0,0,0,0,0,0,0,0,0,0,9,0,0,0,0,0,The Simcoe they were looking for.
22-WA397-005,Simcoe ,#16,Official Sensory,Yes,0,5,3,0,0,5,0,0,0,1,2,1,3,0,5,7,5,0,0,0,0,Average internal validated sensory analysis for lot 22-WA397-005
22-WA397-005,Simcoe ,#16,Kulshan Brewing Company,No,3,5,3,5,0,4,0,2,5,0,2,3,0,0,0,5,0,0,0,0,0,Decent lot.  Low pungency overall.
22-WA397-005,Simcoe ,#16,"Kings County Brewers Collective, LLC",No,4,5,3,5,0,2,0,0,0,0,0,3,0,0,0,3,0,0,0,0,0,"Lemon pledge, foresty, less fruity"
22-WA397-005,Simcoe ,#16,Brasserie Du Bas-Canada Inc.,No,2,5,3,9,0,4,0,0,0,0,3,3,0,0,5,6,5,0,0,0,0,
22-WA397-005,Simcoe ,#16,New Trail Brewing,No,4,5,3,7,0,0,0,0,0,0,0,0,0,0,3,6,7,0,0,0,0,
22-WA397-005,Simcoe ,#16,Meanwhile Brewing Co,No,2,5,3,7,0,0,0,0,0,0,0,0,0,0,4,2,4,0,0,0,1,
22-WA397-005,Simcoe ,#16,Shipyard Brewery Inc.,No,2,5,3,8,0,3,0,0,3,0,2,2,1,0,3,3,5,0,0,0,0,
22-WA397-005,Simcoe ,#16,Coronado Brewing Company,No,3,5,3,6,0,0,0,2,0,0,0,0,3,0,0,6,2,0,0,4,2,Printer ink
22-WA397-005,Simcoe ,#16,Widowmaker Brewing,No,6,5,3,8,0,2,0,5,1,0,3,4,0,0,0,10,1,0,0,0,0,"Nice lot, good aroma, but not dank/piney which is what we&#39;re looking for. Citrus forward, lemon/lemongrass. More similar to Citra lots. Liked the hop but not for large lot Simcoe"
22-WA397-005,Simcoe ,#16,LION PTY,No,0,5,3,5,0,0,0,0,0,0,0,0,0,0,0,0,0,0,0,0,0,
22-WA397-006,Simcoe ,#81,Brasserie Du Bas-Canada Inc.,Yes,1,4,4,8,0,4,0,0,0,2,4,4,0,0,4,5,4,0,0,0,0,
22-WA397-006,Simcoe ,#81,4 Hands Brewing Co.,Yes,1,4,4,8,0,1,0,0,0,0,0,0,0,0,0,6,3,0,0,0,0,"Very nice. Blend of citrus and tropical with a little pine. - Slightly more tropical than we're typically looking for, but still great."
22-WA397-006,Simcoe ,#81,Ghost Town Brewing,Yes,1,4,4,8,0,0,0,0,0,0,0,0,0,0,0,6,8,0,0,0,0,
22-WA397-006,Simcoe ,#81,CBCo Brewing,Yes,1,4,4,8,0,6,0,0,0,0,0,0,0,0,0,3,4,0,0,0,0,"Subtle, pine needles, classic simcoe, tropical passion fruit, bubblegum"
22-WA397-006,Simcoe ,#81,Maplewood Brewing Company,Yes,1,4,4,9,0,0,0,0,0,0,0,3,0,0,8,0,0,0,0,0,0,"Peach rings, cooked stonefruit, like jelly, - were looking for peach"
22-WA397-006,Simcoe ,#81,Cabin Brewing Company Inc.,Yes,2,4,4,8,0,8,0,0,0,2,6,2,6,0,2,9,4,0,0,0,0,Classic simcoe
22-WA397-006,Simcoe ,#81,Official Sensory,Yes,0,4,4,0,0,2,0,1,1,0,1,1,4,0,4,5,5,0,0,0,0,Average internal validated sensory analysis for lot 22-WA397-006
22-WA397-006,Simcoe ,#81,"Kings County Brewers Collective, LLC",No,2,4,4,8,0,2,0,0,0,0,0,0,2,0,0,5,2,0,0,0,0,"Complex, classic, pineapple"
22-WA397-006,Simcoe ,#81,GREAT LAKES BREWING CO,No,4,4,4,5,0,0,0,0,0,0,0,0,0,0,0,5,4,0,0,0,0,
22-WA397-006,Simcoe ,#81,Sebago Brewing Company,No,5,4,4,5,0,3,0,0,0,0,0,5,0,0,0,4,7,0,0,0,0,"Pine, pineapple, citrus, notes of hay - hay was a turn off"
22-WA397-006,Simcoe ,#81,Urban Roots Brewery,No,2,4,4,7,0,2,0,1,0,0,0,1,2,0,0,6,0,0,0,0,0,
22-WA397-006,Simcoe ,#81,Columbus Brewing Co.,No,4,4,4,4,0,0,0,0,0,0,0,2,0,0,2,5,2,3,2,0,0,"Ok, but showed some grass and dairy"
22-WA397-006,Simcoe ,#81,Dancing Gnome Beer,No,3,4,4,7,0,2,0,0,3,0,1,0,1,0,0,5,0,0,0,0,0,Spiced cooked orange. nice complexity.
22-WA397-006,Simcoe ,#81,Other Half Brewing Co.,No,6,4,4,5,0,0,0,0,0,0,0,0,0,0,0,0,3,0,0,0,0,
22-WA397-007,Simcoe ,#81,Official Sensory,Yes,0,4,4,0,0,3,0,0,1,0,1,1,3,0,6,7,6,1,0,0,0,Average internal validated sensory analysis for lot 22-WA397-007
22-WA397-008,Simcoe ,#81,Two Tides Brewing Company,Yes,1,4,3,7,0,0,0,2,0,1,1,0,1,0,0,5,1,0,0,0,0,
22-WA397-008,Simcoe ,#81,Morenos,Yes,1,4,3,9,0,0,0,0,0,0,0,0,0,0,9,0,5,0,0,0,0,
22-WA397-008,Simcoe ,#81,Sonder Brewing,Yes,1,4,3,7,0,0,0,0,0,0,0,0,0,0,0,0,0,0,0,0,0,"Most tropical, tropical fruit cup"
22-WA397-008,Simcoe ,#81,Calicraft Brewing Co.,Yes,1,4,3,9,0,0,0,0,0,0,0,0,0,0,0,0,0,0,0,0,0,"Pungent. Great classic example of Simcoe flavor.  Rich red grapefruit, pine and dankiness."
22-WA397-008,Simcoe ,#81,3 Sons Brewing Co.,Yes,1,4,3,8,0,0,0,0,0,0,0,0,0,0,0,0,0,0,0,0,0,
22-WA397-008,Simcoe ,#81,Cinderlands,Yes,1,4,3,9,0,7,0,0,0,0,0,0,0,0,0,7,8,0,0,0,0,"Superior lot of modern Simcoe. This was harvested at the right day, hour, minute and second to deliver pine, dank, pineapple, grapefruit and passion fruit."
22-WA397-008,Simcoe ,#81,TEMESCAL BREWING,Yes,1,4,3,9,0,3,0,0,0,0,0,0,0,0,5,9,7,0,0,2,0,"Citrus assault. nice pineapple and apricot,"
22-WA397-008,Simcoe ,#81,Frost Beer Works,Yes,1,4,3,7,0,0,0,0,0,0,0,0,0,0,0,0,0,0,0,0,0,
22-WA397-008,Simcoe ,#81,Cerveceria Madueño,Yes,1,4,3,9,0,0,0,0,2,0,0,3,0,0,3,7,4,2,0,0,0,"Amazing smell, very nice citrusy aroma"
22-WA397-008,Simcoe ,#81,Boundary Bay Brewery,Yes,2,4,3,8,0,0,0,0,0,0,0,0,0,0,0,0,0,0,0,0,0,
22-WA397-008,Simcoe ,#81,Microbrasserie La Souche,Yes,1,4,3,8,0,6,0,0,0,0,0,0,0,0,2,3,0,0,0,0,0,
22-WA397-008,Simcoe ,#81,District 96 Beer,Yes,1,4,3,8,0,3,0,0,0,0,0,0,4,0,0,0,3,0,0,0,0,"2nd favorite of the group. dank, More herbal - citrus rind. choose based on the elevated geranial and linalool numbers."
22-WA397-008,Simcoe ,#81,Brasserie Dunham,Yes,1,4,3,9,0,0,0,2,0,0,3,0,0,0,0,6,6,0,0,0,0,Lots of sweet aroma and fruit
22-WA397-008,Simcoe ,#81,Official Sensory,Yes,0,4,3,0,0,4,0,0,1,0,2,1,4,0,1,4,4,0,0,0,0,Average internal validated sensory analysis for lot 22-WA397-008
22-WA397-008,Simcoe ,#81,Everybody's Brewing,No,3,4,3,5,0,0,0,0,0,0,0,0,0,0,0,6,4,0,2,0,0,
22-WA397-008,Simcoe ,#81,Cervecería Icono,No,2,4,3,8,0,0,0,1,2,2,2,4,4,0,2,6,8,0,0,0,0,
22-WA397-008,Simcoe ,#81,Rusty Rail Brewing Co.,No,3,4,3,7,0,0,0,0,0,0,0,0,0,0,0,0,0,0,0,0,0,
22-WA397-008,Simcoe ,#81,South Lake Brewing Company,No,3,4,3,6,0,3,0,0,0,0,2,0,0,0,0,6,2,0,0,0,0,
22-WA397-008,Simcoe ,#81,Tripping Animals Brewing,No,2,4,3,8,0,0,0,0,0,0,0,0,0,0,0,0,0,0,0,0,0,
22-WA397-008,Simcoe ,#81,Brewery ARS,No,2,4,3,6,0,5,0,0,0,0,0,0,0,0,0,4,4,0,0,0,0,"Tangerine, pineapple, slight pine, floral, pepper, sandlewood"
22-WA397-008,Simcoe ,#81,Pike Brewing Co.,No,2,4,3,7,0,0,0,2,4,0,0,0,4,0,0,6,0,0,0,0,0,"Missing that cattyness association of Simcoe - Definitely is Simcoe, but our second choice due to the lower aroma."
22-WA397-008,Simcoe ,#81,Seventh Son Brewing,No,3,4,3,4,0,0,0,0,0,0,0,0,0,0,0,0,0,0,0,0,0,Not punchy enough
22-WA397-008,Simcoe ,#81,Prision Pals,No,4,4,3,3,0,3,0,0,2,5,5,7,6,0,2,3,0,0,0,0,0,"Grassy, vegetal, herbal. Not what I want."
22-WA397-008,Simcoe ,#81,Common Space Brewing,No,3,4,3,5,0,0,0,0,0,0,0,0,0,0,0,0,0,0,0,0,0,
22-WA397-008,Simcoe ,#81,Cerveceria Tres Islas,No,3,4,3,8,0,3,0,0,0,0,3,2,3,0,4,7,6,0,0,0,0,Notas dulces. Duraznos en almibar. Mas citrico que el anterior. Muy fresco.
22-WA397-008,Simcoe ,#81,Mast Landing Brewing,No,3,4,3,5,0,0,0,4,2,0,0,2,6,0,0,6,0,0,0,0,2,"Little yellowed, some musty notes, citrus - zest/rind, more lemon and grapefruit over orange, lots of dank, spicy, sweat/gym sock, lemongrass/herbal lean, thyme"
22-WA397-008,Simcoe ,#81,Riip Beer Co.,No,2,4,3,5,0,0,0,0,0,0,0,0,0,0,0,5,0,0,0,0,0,"Sweet candy, dank weed, orange,"
22-WA397-008,Simcoe ,#81,Fair State Brewing,No,3,4,3,6,0,5,0,0,0,0,0,0,0,0,4,4,3,0,0,0,0,"Piney, not quite as intense overall, less stonefruit"
22-WA397-008,Simcoe ,#81,Voodoo Brewing Co.,No,3,4,3,5,0,0,0,0,0,0,1,0,0,0,0,2,0,0,0,0,0,
22-WA397-008,Simcoe ,#81,Microbrasserie Dieu Du Ciel,No,4,4,3,5,0,0,0,0,0,0,0,0,1,0,0,2,0,0,0,0,0,
22-WA397-008,Simcoe ,#81,Microbrasserie Jackalhop,No,4,4,3,5,0,0,0,0,0,0,5,0,0,0,0,0,5,0,0,0,0,
22-WA397-008,Simcoe ,#81,St Elmo Brewing Co.,No,3,4,3,6,0,0,0,1,1,0,2,2,0,0,1,7,0,0,0,0,0,
22-WA397-008,Simcoe ,#81,Revelry Brewing Company,No,3,4,3,7,0,0,0,0,0,0,0,0,0,0,0,0,0,0,0,0,0,"Slight musty dankness, sweet berry, more pine,"
22-WA397-008,Simcoe ,#81,Dru Bru,No,2,4,3,6,0,0,0,4,0,0,0,2,0,0,2,2,2,0,3,0,0,
22-WA397-008,Simcoe ,#81,Country Boy Brewing,No,2,4,3,7,0,0,0,0,0,0,0,0,0,0,5,0,0,0,0,0,0,Soft and creamy. Stonefruit/peach.
22-WA397-008,Simcoe ,#81,Fonta Flora Brewing,No,4,4,3,6,0,0,0,0,0,0,0,0,0,0,0,0,0,0,0,0,0,"Strawberry, skunky, sweeter, caramel, toffee, green grass, tea, earthy, vanilla"
22-WA397-008,Simcoe ,#81,Mainstay Independent Brewing Company,No,2,4,3,6,0,2,0,4,2,1,2,2,3,0,2,6,1,1,1,1,1,
22-WA397-008,Simcoe ,#81,McIlhenney's Brewing Company,No,2,4,3,7,0,0,0,0,0,2,0,0,0,0,4,6,5,1,0,0,1,
22-WA397-008,Simcoe ,#81,Bend Brewing Co.,No,4,4,3,6,0,4,0,0,0,0,0,4,0,0,0,3,0,5,0,0,1,
22-WA397-008,Simcoe ,#81,Radiant Beer,No,2,4,3,8,0,0,0,0,0,0,2,0,0,0,2,9,7,0,0,0,0,"Very nice, tangerine, very citrus forward and clean."
22-WA397-008,Simcoe ,#81,Westbound and Down Brewing Company,No,2,4,3,7,0,0,0,0,0,0,0,0,0,0,4,0,0,0,0,0,0,
22-WA397-008,Simcoe ,#81,Confluence Brewing Co.,No,3,4,3,6,0,3,0,1,2,0,5,2,3,0,2,5,0,0,0,0,0,"Bright lemon and zesty, floral and a touch of spice. Herbal is a mix of tea and rosemary or thyme. Sweet fruit, maybe a touch funky, apricots and guava. Low woodiness comparatively."
22-WA397-008,Simcoe ,#81,Trace Brewing,No,2,4,3,8,0,0,0,0,0,0,0,0,0,0,0,7,0,0,0,0,0,
22-WA397-008,Simcoe ,#81,Baerlic Brewing Company,No,4,4,3,5,0,0,0,0,0,0,0,0,0,0,0,5,0,0,0,0,0,
22-WA397-009,Simcoe ,#81,Fidens Brewing Co.,Yes,1,5,3,9,0,0,0,0,0,0,0,0,0,0,3,4,2,0,0,0,0,Fruity
22-WA397-009,Simcoe ,#81,Great Divide Brewing Co.,Yes,1,5,3,6,0,2,0,0,0,0,3,0,4,0,3,0,0,0,0,0,2,
22-WA397-009,Simcoe ,#81,Von Ebert Brewing,Yes,1,5,3,8,0,0,0,0,0,0,0,0,0,0,3,8,0,0,0,0,4,Most grapefruit intensity on table.  ammonia was more Citra-like but boosted grapefruit.
22-WA397-009,Simcoe ,#81,Official Sensory,Yes,0,5,3,0,0,5,0,1,1,0,1,2,2,0,2,5,3,0,0,0,0,Average internal validated sensory analysis for lot 22-WA397-009
22-WA397-009,Simcoe ,#81,Range Brewing,No,2,5,3,9,0,0,0,0,0,0,1,0,0,0,6,9,9,0,0,0,0,"Lemon sherbet, orange blossom, cherry, pineapple, mint, low sweetness, low resin"
22-WA397-009,Simcoe ,#81,Mountain Culture,No,5,5,3,4,0,3,0,0,0,0,3,0,0,0,0,4,2,0,0,0,0,"Jelly, sweet"
22-WA397-009,Simcoe ,#81,Burgeon Beer Company,No,3,5,3,6,0,0,0,0,0,0,0,5,0,0,0,5,0,0,0,0,0,"Sweet citrus, mild, clementine"
22-WA397-009,Simcoe ,#81,KANE BREWING CO.,No,2,5,3,5,0,0,0,4,0,0,0,0,0,0,4,6,0,0,0,0,0,"Not bad but one note, piney, pineapple, OJ / citrus, peach/nectarine, slight green fruit"
22-WA397-010,Simcoe ,#81,Gigantic Brewing,Yes,1,4,3,10,0,0,0,0,0,0,0,0,0,0,0,0,0,0,0,0,0,N/A
22-WA397-010,Simcoe ,#81,Double Mountain,Yes,1,4,3,7,0,5,0,0,0,0,0,0,5,0,0,3,0,0,0,0,0,
22-WA397-010,Simcoe ,#81,Official Sensory,Yes,0,4,3,0,0,6,0,0,1,1,1,1,3,0,4,6,3,1,0,0,0,Average internal validated sensory analysis for lot 22-WA397-010
22-WA397-011,Simcoe ,#81,Official Sensory,Yes,0,5,3,0,0,4,0,0,0,0,1,1,3,0,4,6,4,0,0,0,0,Average internal validated sensory analysis for lot 22-WA397-011
22-WA397-011,Simcoe ,#81,FOUNDERS BREWING CO.,Yes,8,5,3,6,0,0,0,0,0,0,0,2,0,0,4,5,4,0,0,0,0,"Punchy, pineapple, peaches, fruity, pretty good. a little wet"
22-WA397-012,Simcoe ,#3,Official Sensory,Yes,0,5,4,0,0,5,0,0,0,0,2,2,4,0,3,6,3,1,0,0,0,Average internal validated sensory analysis for lot 22-WA397-012
22-WA397-013,Simcoe ,#3,Russian River Brewing Co.,Yes,1,5,4,9,0,2,0,0,0,0,0,0,0,0,0,8,6,0,0,0,0, - All of this lot/weight for Cryo
22-WA397-013,Simcoe ,#3,Official Sensory,Yes,0,5,4,0,0,4,0,1,0,0,1,0,2,0,4,6,5,0,0,0,0,Average internal validated sensory analysis for lot 22-WA397-013
22-WA397-013,Simcoe ,#3,CanArchy Brewing Collective,No,10,5,4,6,0,4,0,0,1,0,4,0,4,0,2,6,7,0,0,0,0,Rich citrus zest with moderate pine. Moderate floral presence. Sweet pineapple.
22-WA397-014,Simcoe ,#3,*YCH (4Group),Yes,1,5,3,10,0,0,0,0,0,0,0,0,0,0,0,0,0,0,0,0,0,N/A
22-WA397-014,Simcoe ,#3,Official Sensory,Yes,0,5,3,0,0,5,0,1,1,1,1,2,1,0,4,6,5,1,0,0,0,Average internal validated sensory analysis for lot 22-WA397-014
22-WA397-015,Simcoe ,#3,Jackie O's Brewery,Yes,1,4,3,8,0,0,0,0,0,0,0,0,0,0,0,7,0,0,2,0,0," - punchy with great berry and dank notes, lovely"
22-WA397-015,Simcoe ,#3,Fort George Brewery and Pub,Yes,2,4,3,8,0,0,0,0,0,0,5,0,3,0,0,0,7,0,0,0,0,"Pineapple, lavender, tropical, David complained of floral bouquet"
22-WA397-015,Simcoe ,#3,Official Sensory,Yes,0,4,3,0,0,3,0,0,0,1,1,2,3,0,3,4,4,0,0,0,0,Average internal validated sensory analysis for lot 22-WA397-015
22-WA397-015,Simcoe ,#3,Singlecut Beersmiths,No,2,4,3,7,0,5,0,0,0,0,0,0,0,0,6,3,0,0,0,0,0,"Stonefruit (apricot or peach), medium citrus (fresh), berry medley, some seeds in the pack, missing some of the dank from Simcoe"
22-WA397-015,Simcoe ,#3,Torch & Crown Brewing Company,No,4,4,3,1,0,0,0,0,0,0,0,0,4,0,0,0,0,0,0,0,0,Green tea.  bad simcoe we don&#39;t want
22-WA397-015,Simcoe ,#3,Cooperage Brewing Co.,No,4,4,3,3,0,0,0,0,0,4,0,4,5,0,0,4,0,0,3,0,0,
22-WA397-015,Simcoe ,#3,"Humble Sea, Inc.",No,3,4,3,6,0,0,0,0,0,0,0,2,5,0,0,5,0,1,0,0,0,"Pine dankness more than canna-dankness, herbal tea"
22-WA397-015,Simcoe ,#3,Pipeworks Brewing LLC,No,2,4,3,7,0,0,0,0,0,0,0,0,0,0,0,0,0,0,0,0,0,
22-WA397-015,Simcoe ,#3,Brouwerij Frontaal,No,3,4,3,8,0,0,0,0,2,0,5,0,6,0,0,4,8,0,0,0,0,"Mango, lychee, jasmine tea"
22-WA397-015,Simcoe ,#3,DUST BOWL BREWING CO,No,2,4,3,7,0,0,0,1,0,0,5,4,0,0,4,2,7,0,0,0,0,"A wonderful, bright, complex hop."
22-WA397-015,Simcoe ,#3,Beavertown Brewery,No,5,4,3,7,0,0,0,0,0,0,0,0,0,0,0,0,0,0,0,0,0,"Spicy, guava, tropical"
22-WA397-015,Simcoe ,#3,Societe Brewing Co.,No,3,4,3,8,0,0,0,0,0,0,0,0,0,0,4,8,5,0,0,0,0,
22-WA397-015,Simcoe ,#3,Russian River Brewing Co.,No,5,4,3,6,0,4,0,0,0,0,0,0,0,0,0,7,0,0,0,0,0,
22-WA397-015,Simcoe ,#3,"Sierra Nevada Brewing Co., Inc.",No,4,4,3,7,0,0,0,0,0,0,0,0,0,0,0,0,0,0,0,0,0,Possible Swing - Not Selected
22-WA397-016,Simcoe ,#3,Hoof Hearted Brewing,Yes,1,4,2,9,0,2,0,0,0,0,0,0,0,0,0,5,0,0,0,0,0,"Lemon balm ,pine, smells true to type"
22-WA397-016,Simcoe ,#3,Brouwerij Frontaal,Yes,1,4,2,8,0,0,0,0,0,0,3,0,0,0,2,5,8,3,0,0,0,"Green part of spring onion, mango, bright, accessible"
22-WA397-016,Simcoe ,#3,Fuerst Wiacek,Yes,1,4,2,7,0,5,0,0,0,0,0,0,0,0,0,2,0,0,0,0,0,
22-WA397-016,Simcoe ,#3,Altamont Beer Works,Yes,1,4,2,8,0,4,0,0,0,0,0,0,0,0,6,0,5,0,0,0,0,Pine hard/ pine harder!
22-WA397-016,Simcoe ,#3,Official Sensory,Yes,0,4,2,0,0,4,0,0,1,1,1,1,5,0,3,6,6,0,0,0,0,Average internal validated sensory analysis for lot 22-WA397-016
22-WA397-016,Simcoe ,#3,Pub BreWskey,No,4,4,2,8,0,0,0,5,1,2,0,1,1,0,3,3,4,2,0,0,5,
22-WA397-016,Simcoe ,#3,Stigbergets Bryggeri,No,5,4,2,3,0,4,0,0,2,2,0,0,4,0,1,1,0,0,0,0,0,"Little woody, herbal.wood/spicy,"
22-WA397-016,Simcoe ,#3,Brasserie Du Bas-Canada Inc.,No,3,4,2,8,0,3,0,0,0,0,4,0,0,0,6,0,4,0,0,0,0,
22-WA397-016,Simcoe ,#3,Alvarium Brewing Co.,No,4,4,2,5,0,4,0,2,0,0,0,0,0,0,0,3,3,0,0,0,0,
22-WA397-016,Simcoe ,#3,Block 15 Brewing,No,3,4,2,7,0,4,0,0,0,0,0,3,0,0,0,7,0,0,0,0,0,
22-WA397-016,Simcoe ,#3,St Austell Brewery,No,3,4,2,6,0,0,0,0,0,0,3,0,0,0,2,6,0,1,0,0,0,"Medium sized cones, quite intense, floral, citrus, peardrop, soft berries more than stonefruits, feels a bit more dusty on second rub,"
22-WA397-016,Simcoe ,#3,Meanwhile Brewing Co,No,5,4,2,2,0,0,0,0,0,0,3,0,3,0,0,0,0,8,0,2,0,Some aggressive notes of onion - didnt speak to simcoe
22-WA397-016,Simcoe ,#3,Behemoth Brewing,No,4,4,2,5,0,7,0,0,7,0,0,0,6,0,0,0,3,0,0,0,0,"Spicy, pine, pretty low fruit character, black licorice"
22-WA397-016,Simcoe ,#3,Strange Brewing,No,2,4,2,7,0,0,0,0,0,0,3,0,0,0,7,0,7,0,0,0,0,
22-WA397-016,Simcoe ,#3,Liquid Gravity Brewing Company,No,4,4,2,7,0,3,0,1,0,0,2,3,3,0,0,7,2,2,0,0,0,"First pass was bright, citrusy and pungent. As it sat on the table, a little bit of herbal came out. Seemed less bright and pungent than the othrs on the table when compared."
22-WA397-016,Simcoe ,#3,Denver Beer Co.,No,6,4,2,4,0,4,0,1,0,0,0,0,0,0,0,2,0,0,0,0,0,
22-WA397-016,Simcoe ,#3,CBCo Brewing,No,2,4,2,7,0,6,0,0,0,0,0,0,0,0,0,3,2,0,0,0,0,"Subtle, clean, bit of pine, not super intense, small citrus and tropical"
22-WA397-016,Simcoe ,#3,Le Trou Du Diable,No,3,4,2,8,0,2,0,0,0,0,0,0,2,0,2,3,4,0,0,0,0,
22-WA397-016,Simcoe ,#3,Deya Brewing Company Ltd,No,2,4,2,7,0,0,0,0,0,0,0,0,0,0,7,7,7,0,3,0,0,Mango tropical fruit little  bit of musty cheesy
22-WA397-016,Simcoe ,#3,Garage Project,No,2,4,2,7,0,3,0,0,0,0,0,0,0,0,0,3,6,0,0,0,0,"Deep tropical, touch of dank resin, light citrus"
22-WA397-017,Simcoe ,#6 Simcoe,Official Sensory,Yes,0,5,3,0,0,5,0,1,1,0,2,1,3,0,3,5,4,1,0,0,0,Average internal validated sensory analysis for lot 22-WA397-017
22-WA397-018,Simcoe ,#6 Simcoe,"Sierra Nevada Brewing Co., Inc.",Yes,1,4,3,8,0,0,0,0,0,0,0,0,0,0,0,0,0,0,0,0,0,
22-WA397-018,Simcoe ,#6 Simcoe,Official Sensory,Yes,0,4,3,0,0,4,0,0,1,0,1,2,2,0,2,6,3,1,0,0,0,Average internal validated sensory analysis for lot 22-WA397-018
22-WA397-018,Simcoe ,#6 Simcoe,CanArchy Brewing Collective,No,10,4,3,6,0,3,0,0,2,0,8,0,3,0,0,8,4,3,0,0,0,Less intensity than other lots on table. More floral focused and lacking fruit complexity for preferred profile.
22-WA397-019,Simcoe ,#6 Simcoe,Community Beer Co,Yes,1,5,3,9,0,0,0,0,0,0,0,0,0,0,0,8,0,0,0,0,0,"Big bright berry, dark berry, bright citrus, little funk,"
22-WA397-019,Simcoe ,#6 Simcoe,"4 Noses Brewing Co., LLC",Yes,1,5,3,8,0,3,0,0,0,0,0,0,0,0,0,9,0,1,0,0,0,
22-WA397-019,Simcoe ,#6 Simcoe,Big Grove Brewery,Yes,1,5,3,7,0,0,0,0,0,0,0,0,0,0,0,0,0,0,0,0,0,
22-WA397-019,Simcoe ,#6 Simcoe,Almanac Beer Co.,Yes,1,5,3,8,0,4,0,3,0,0,0,0,0,0,2,7,0,0,0,0,0,
22-WA397-019,Simcoe ,#6 Simcoe,Official Sensory,Yes,0,5,3,0,0,3,0,0,1,1,1,0,2,0,3,6,5,1,0,0,0,Average internal validated sensory analysis for lot 22-WA397-019
22-WA397-019,Simcoe ,#6 Simcoe,Sapwood Cellars,No,2,5,3,4,0,0,0,0,0,0,0,0,0,0,0,0,0,0,0,0,0,
22-WA397-019,Simcoe ,#6 Simcoe,MadeWest Brewing Co,No,3,5,3,6,0,0,0,0,0,0,0,0,0,0,0,0,0,0,0,0,0,
22-WA397-019,Simcoe ,#6 Simcoe,Original Pattern Brewing Company,No,2,5,3,8,0,0,0,0,0,0,0,5,0,0,0,8,0,0,0,0,4,
22-WA397-019,Simcoe ,#6 Simcoe,Industrial Arts Brewing Co,No,4,5,3,4,0,0,0,0,0,0,0,0,0,0,0,5,0,7,0,0,0,"Sweet aromatics, but OG overrides"
22-WA397-019,Simcoe ,#6 Simcoe,CRAK Brewery,No,3,5,3,8,0,0,0,0,0,0,0,0,0,0,5,0,4,0,0,0,1,
22-WA397-019,Simcoe ,#6 Simcoe,Alesmith Brewing Co,No,4,5,3,5,0,0,0,0,0,0,0,0,0,0,0,0,0,0,0,0,0,
22-WA397-019,Simcoe ,#6 Simcoe,Wild Leap Brew Co.,No,3,5,3,6,0,0,0,0,0,0,0,0,0,0,0,8,0,0,0,0,0,
22-WA397-019,Simcoe ,#6 Simcoe,Cloudwater Brewing Company Ltd.,No,3,5,3,6,0,0,0,0,0,0,0,1,0,0,0,3,5,0,0,0,0,
22-WA397-019,Simcoe ,#6 Simcoe,Icicle Brewing Co.,No,3,5,3,7,0,6,0,0,0,0,0,0,2,0,0,7,0,0,0,0,0,"Sweet fruit, catty, raspberry/strawberry, hint of mint, mellow"
22-WA397-019,Simcoe ,#6 Simcoe,"Three Floyds Brewing Co., LLC",No,4,5,3,6,0,2,0,0,0,0,0,2,0,0,0,4,0,0,0,0,0,
22-WA397-020,Simcoe ,#6 Simcoe,Sloop Brewing,Yes,1,5,3,10,0,0,0,0,0,0,0,0,0,0,0,0,0,0,0,0,0,
22-WA397-020,Simcoe ,#6 Simcoe,Kern River Brewing,Yes,1,5,3,8,0,4,0,0,0,0,2,3,3,0,0,8,0,0,0,0,0,Good depth and citrus notes.  Slight herbal/pine but to a nice level.  Some folks picked up some catty early that went away.  Citrus/lemon rind maybe candied
22-WA397-020,Simcoe ,#6 Simcoe,Official Sensory,Yes,0,5,3,0,0,4,0,0,0,0,1,2,3,0,1,5,1,2,0,0,0,Average internal validated sensory analysis for lot 22-WA397-020
22-WA397-020,Simcoe ,#6 Simcoe,Yellow Springs,No,2,5,3,8,0,5,0,0,0,0,4,0,0,0,0,6,6,0,0,0,2,
22-WA397-020,Simcoe ,#6 Simcoe,Altamont Beer Works,No,3,5,3,5,0,7,0,0,7,0,0,0,0,0,0,5,0,0,0,0,0,
22-WA397-020,Simcoe ,#6 Simcoe,Bellwoods Brewery,No,3,5,3,6,0,0,0,0,7,0,0,0,0,0,0,3,0,0,0,3,0,
22-WA397-020,Simcoe ,#6 Simcoe,Balter Brewing Company,No,2,5,3,7,0,3,0,2,0,0,3,0,0,0,0,7,0,0,0,0,0,"Lime jello, light pine, light herbal, light perfume/floral, slight earthy woody. Very true to type"
22-WA397-020,Simcoe ,#6 Simcoe,Tamango Brebajes,No,4,5,3,5,0,0,0,0,0,0,0,4,0,0,2,6,2,5,0,0,1,"OG, Dank, Citrus - lemon, Grassy, Peach/Apricot, Tropical, slight Diesel"
22-WA397-020,Simcoe ,#6 Simcoe,Columbus Brewing Co.,No,2,5,3,7,0,0,0,0,0,0,0,0,0,0,2,5,2,5,0,0,0,"Lots of citrus and dank, just missing some sweeter fruit"
22-WA397-021,Simcoe ,#6 Simcoe,Official Sensory,Yes,0,5,4,0,0,4,0,1,0,1,1,2,2,0,3,6,6,0,0,0,0,Average internal validated sensory analysis for lot 22-WA397-021
22-WA397-021,Simcoe ,#6 Simcoe,Brewdog,Yes,3,5,4,7,0,0,0,0,0,0,0,0,0,0,0,0,0,0,0,0,0,
22-WA397-022,Citra ,#59,Official Sensory,Yes,0,4,4,0,0,2,0,0,1,0,1,1,3,0,6,6,6,0,0,0,0,Average internal validated sensory analysis for lot 22-WA397-022
22-WA397-022,Citra ,#59,"Sierra Nevada Brewing Co., Inc.",No,13,4,4,4,0,0,0,0,0,0,0,0,0,0,0,0,0,0,0,0,0,
22-WA397-022,Citra ,#59,Odell Brewing Co.,No,5,4,4,7,0,0,0,0,0,0,0,0,0,0,0,7,0,5,0,0,0,"Citrus and dank, bit of O/G,"
22-WA397-023,Citra ,"#59,#60",Brewdog,Yes,4,4,4,7,0,0,0,0,0,0,0,0,0,0,0,0,0,0,0,0,0,
22-WA397-023,Citra ,"#59,#60",Official Sensory,Yes,0,4,4,0,0,3,0,0,1,0,0,0,3,0,6,6,7,0,0,0,0,Average internal validated sensory analysis for lot 22-WA397-023
22-WA397-023,Citra ,"#59,#60","Black Stack Brewing, Inc",No,2,4,4,6,0,4,0,0,2,0,6,0,2,0,0,5,0,0,0,0,0,"Bright floral, orange pledge,"
22-WA397-024,Citra ,"#2,#60",4 Hands Brewing Co.,Yes,1,4,4,8,0,0,0,0,0,0,1,0,0,0,0,7,2,0,0,0,0,Great. Bright clean citrus. Lemony. - Great example. Clean lemony/orange citrus. Bright.
22-WA397-024,Citra ,"#2,#60",GREAT LAKES BREWING CO,Yes,1,4,4,9,0,1,0,1,0,1,4,1,1,0,8,9,8,1,1,0,0,
22-WA397-024,Citra ,"#2,#60",Maplewood Brewing Company,Yes,1,4,4,8,0,0,0,0,0,0,0,0,0,0,3,9,4,2,0,0,0,"Spice note that is desireable, more intense aroma overall, slight onion/dank, orange oil, - Selected this lot"
22-WA397-024,Citra ,"#2,#60",Official Sensory,Yes,0,4,4,0,0,5,0,0,2,0,1,0,5,0,2,7,4,0,0,0,0,Average internal validated sensory analysis for lot 22-WA397-024
22-WA397-024,Citra ,"#2,#60",Behemoth Brewing,No,3,4,4,7,0,0,0,0,0,0,0,2,5,0,0,6,4,0,0,0,0,"Eucalyptus, green tea, lemon peel, passionfruit, pineapple, tropical"
22-WA397-024,Citra ,"#2,#60",FOUNDERS BREWING CO.,No,3,4,4,7,0,0,0,0,0,0,0,0,0,0,0,0,0,0,0,0,0,
22-WA397-025,HBC1019,#8 HBC 1019,Official Sensory,Yes,0,3,3,0,0,5,0,1,1,2,0,2,4,0,2,4,3,0,0,0,0,Average internal validated sensory analysis for lot 22-WA397-025
22-WA397-026,Citra ,#8 HBC 1019,Brewdog,Yes,4,4,4,7,0,0,0,0,0,0,0,0,0,0,0,0,0,0,0,0,0,
22-WA397-026,Citra ,#8 HBC 1019,Official Sensory,Yes,0,4,4,0,0,4,0,0,2,0,1,1,3,0,3,6,6,1,0,0,0,Average internal validated sensory analysis for lot 22-WA397-026
22-WA397-026,Citra ,#8 HBC 1019,"Sierra Nevada Brewing Co., Inc.",No,9,4,4,4,0,0,0,0,0,0,0,0,0,0,0,0,0,0,0,0,0,
22-WA397-027,Citra ,#8 HBC 1019,Athletic Brewing Co.,Yes,3,4,2,5,0,0,0,0,0,0,0,0,0,0,0,0,0,0,0,0,0, - 1/3
22-WA397-027,Citra ,#8 HBC 1019,Official Sensory,Yes,0,4,2,0,0,5,0,1,1,1,2,1,3,0,4,6,5,1,0,0,0,Average internal validated sensory analysis for lot 22-WA397-027
22-WA397-027,Citra ,#8 HBC 1019,Other Half Brewing Co.,No,5,4,2,6,0,0,0,0,0,0,0,0,0,0,0,4,1,0,0,0,0,
22-WA397-027,Citra ,#8 HBC 1019,Balter Brewing Company,No,5,4,2,5,0,5,0,0,2,0,0,5,5,0,0,0,3,0,0,0,0,"Woody, herbal, grassy, mild candy, low tropical, low spice"
22-WA397-027,Citra ,#8 HBC 1019,Russian River Brewing Co.,No,5,4,2,4,0,4,0,0,0,0,0,5,0,0,0,0,0,0,0,0,0,Under dried and green
22-WA397-028,Citra ,#8 HBC 1019,Voodoo Brewing Co.,Yes,1,4,3,6,0,0,0,0,0,0,0,0,0,0,0,0,0,0,0,0,0,
22-WA397-028,Citra ,#8 HBC 1019,Browar PINTA,Yes,1,4,3,8,0,0,0,0,0,0,0,0,5,0,7,7,7,0,0,0,0,"Very punchy very complex lots of tropical fruit mango peaches, citrusy, fresh mint just a touch, complex deep aroma"
22-WA397-028,Citra ,#8 HBC 1019,Burgeon Beer Company,Yes,1,4,3,9,0,0,0,0,0,0,0,0,0,0,0,7,0,0,0,0,0,
22-WA397-028,Citra ,#8 HBC 1019,Official Sensory,Yes,0,4,3,0,0,5,0,1,1,1,1,1,4,0,2,5,3,0,0,0,0,Average internal validated sensory analysis for lot 22-WA397-028
22-WA397-028,Citra ,#8 HBC 1019,Modist Brewing LLC,No,3,4,3,7,0,0,0,0,0,0,0,0,0,0,0,8,4,0,0,0,0,Similar to 1D04. Really great aroma and bright citrus. Would not be disappointed with this lot. Just classic Citra. 3rd pick overall
22-WA397-028,Citra ,#8 HBC 1019,Pipeworks Brewing LLC,No,4,4,3,3,0,0,0,0,0,0,0,0,0,0,0,0,0,0,0,0,0,
22-WA397-028,Citra ,#8 HBC 1019,Yellow Springs,No,2,4,3,8,0,0,0,0,0,0,3,2,0,0,0,7,6,0,0,0,0,Strong citrus and berry notes. Bubble gum and tropical undertones.
22-WA397-028,Citra ,#8 HBC 1019,DUST BOWL BREWING CO,No,4,4,3,4,0,0,0,0,0,0,5,4,0,0,0,3,0,0,0,0,0,Nondescript hoppiness with little aroma impact.
22-WA397-028,Citra ,#8 HBC 1019,Liquid Gravity Brewing Company,No,2,4,3,6,0,2,0,0,0,0,0,0,5,0,0,8,2,0,0,0,0,More herbal than I prefer. Nice bright citrus. No OG. Ginger picked out by someone else.  Lacking punch I&#39;m looking for from citra.
22-WA397-028,Citra ,#8 HBC 1019,Bench Brewing Company,No,2,4,3,6,0,0,0,0,0,0,0,0,5,0,0,3,0,0,0,0,0,"Citrus notes, orange pekoe tea, herbal quality"
22-WA397-028,Citra ,#8 HBC 1019,"Reubens Brews, LLC",No,5,4,3,5,0,2,0,0,0,0,2,0,0,0,2,5,0,0,0,0,0,
22-WA397-028,Citra ,#8 HBC 1019,Le Trou Du Diable,No,4,4,3,6,0,2,0,3,0,0,0,7,0,0,0,3,0,0,0,0,0,"Hay, funk"
22-WA397-028,Citra ,#8 HBC 1019,Deya Brewing Company Ltd,No,3,4,3,5,0,0,0,0,4,0,0,0,3,0,0,0,4,0,0,0,0,Rubber sage some nice stuff too tropical fruit
22-WA397-028,Citra ,#8 HBC 1019,Station 26 Brewing,No,2,4,3,7,0,0,0,0,0,0,0,0,0,0,0,7,0,0,3,0,0,
22-WA397-028,Citra ,#8 HBC 1019,Bellwoods Brewery,No,3,4,3,6,0,5,0,0,5,0,0,0,0,0,0,6,0,0,0,0,0,
22-WA397-028,Citra ,#8 HBC 1019,Dominion City Brewing Co.,No,3,4,3,6,0,0,0,4,0,0,0,0,4,0,0,6,3,0,0,0,0,Cones were wet. Hard to rub
22-WA397-028,Citra ,#8 HBC 1019,Roughtail Brewing Co.,No,4,4,3,4,0,0,0,0,3,3,0,0,0,0,0,3,1,0,0,0,2,
22-WA397-029,Citra ,"#5,#64",ABInBev,Yes,1,3,2,9,0,0,0,0,0,0,0,0,0,0,0,0,0,0,0,0,0,
22-WA397-029,Citra ,"#5,#64",Official Sensory,Yes,0,3,2,0,0,4,0,0,1,0,2,0,4,0,3,7,4,1,0,0,0,Average internal validated sensory analysis for lot 22-WA397-029
22-WA397-029,Citra ,"#5,#64",Burial Beer Company,No,2,3,2,8,0,0,0,3,0,0,3,3,0,0,6,8,7,0,0,0,2,Tropical medley apricot orange flesh lilac diesel catty
22-WA397-030,Citra ,"#64,#52 Citra",To Øl,Yes,1,4,5,7,0,0,0,0,0,0,0,0,0,0,0,0,0,0,0,0,0,"Slight mint, more grapefruit, good lemon, light, some cedar, yuzu, pomelo. slight red berry."
22-WA397-030,Citra ,"#64,#52 Citra",Official Sensory,Yes,0,4,5,0,0,4,0,1,1,1,1,1,3,0,3,5,4,1,0,0,0,Average internal validated sensory analysis for lot 22-WA397-030
22-WA397-030,Citra ,"#64,#52 Citra",4 Hands Brewing Co.,No,4,4,5,3,0,0,0,0,3,0,2,1,0,0,0,3,0,0,0,0,0,Low on citrus and slightly too dank.
22-WA397-030,Citra ,"#64,#52 Citra",GEORGETOWN BREWING,No,4,4,5,6,0,0,0,0,0,1,6,1,0,0,0,5,0,0,0,0,0,"Strong perfume and citrus, slight hay compared to others after some time"
22-WA397-031,Citra ,"#64,#52 Citra",St Austell Brewery,Yes,1,4,4,4,0,0,0,3,0,0,0,0,0,0,0,0,0,0,0,0,0,"Smaller cones, tighter, seems a little dry, was expecting more from the rub, a little fruity, more bready - not floral tropical as expected - returning to the rub, more tropical fruit, some spice, some dankness, little OG, complex"
22-WA397-031,Citra ,"#64,#52 Citra",Track Brewing,Yes,1,4,4,9,0,0,0,0,0,0,0,0,4,0,7,8,8,4,0,0,0,"Feels like high oils on touch. Stone fruit, tropical, zesty notes, a bit of herbal. Almost papaya. Good complexity. Good colour, great cone structure. A bit of berry, complemented by sweet aromatic."
22-WA397-031,Citra ,"#64,#52 Citra",Official Sensory,Yes,0,4,4,0,0,5,0,0,1,0,1,1,2,0,4,5,5,0,0,0,0,Average internal validated sensory analysis for lot 22-WA397-031
22-WA397-031,Citra ,"#64,#52 Citra",Stigbergets Bryggeri,No,3,4,4,5,0,2,0,2,0,0,2,0,3,0,0,4,0,0,0,0,5,"Little mild, some mild rubbery notes/gassy"
22-WA397-031,Citra ,"#64,#52 Citra",Gage Roads Brewery,No,2,4,4,6,0,1,0,0,0,0,0,2,0,0,0,4,2,0,0,0,0,"Lime, slight grass, some tropical, orange, bit of resin, waxy"
22-WA397-031,Citra ,"#64,#52 Citra",Evil Twin Brewing,No,1,4,4,6,0,0,0,0,0,0,0,0,0,0,0,0,0,0,0,0,0,
22-WA397-031,Citra ,"#64,#52 Citra",MadeWest Brewing Co,No,4,4,4,4,0,0,0,0,0,0,0,5,5,0,0,2,0,0,0,0,0,
22-WA397-031,Citra ,"#64,#52 Citra",Behemoth Brewing,No,4,4,4,7,0,0,0,0,3,0,0,0,0,0,0,7,4,0,0,0,0,"Sweet citrus, fruit, pine tropical, blood orange zest"
22-WA397-031,Citra ,"#64,#52 Citra",Original Pattern Brewing Company,No,3,4,4,6,0,0,0,0,0,0,0,4,0,0,0,7,0,0,0,0,0,
22-WA397-031,Citra ,"#64,#52 Citra",Fuerst Wiacek,No,4,4,4,6,0,3,0,0,0,0,3,0,0,0,0,3,0,0,0,0,0,
22-WA397-031,Citra ,"#64,#52 Citra","Hop Butcher for the World, LLC",No,6,4,4,4,0,0,0,0,0,1,6,0,6,0,0,6,0,0,0,1,0,
22-WA397-031,Citra ,"#64,#52 Citra","Back East Brewing, LLC",No,4,4,4,4,0,0,0,1,2,0,0,7,0,0,3,5,0,0,0,0,0,"A handful of stems present in sample, the least aromatic among the 4 lots, muted and dry, slight garlic notes"
22-WA397-031,Citra ,"#64,#52 Citra",Neshaminy Creek Brewing,No,2,4,4,7,0,0,0,0,0,0,0,0,0,0,0,2,2,0,0,0,0,Fruity medley
22-WA397-031,Citra ,"#64,#52 Citra",Great Notion Brewing Co.,No,4,4,4,5,0,0,0,3,0,5,5,3,2,0,0,5,0,0,0,0,4,
22-WA397-031,Citra ,"#64,#52 Citra",Siboire Jacques-Cartier,No,3,4,4,6,0,0,0,0,0,0,3,0,0,0,0,6,3,0,0,0,0,
22-WA397-031,Citra ,"#64,#52 Citra",Eastern Market Brewing Co,No,6,4,4,5,0,3,0,0,0,0,0,0,0,0,0,2,0,0,0,0,0,"Higher woody, citrus"
22-WA397-031,Citra ,"#64,#52 Citra",Ever Grain Brewing Co,No,2,4,4,6,0,0,0,0,0,0,0,0,0,0,0,0,0,0,0,0,0,
22-WA397-031,Citra ,"#64,#52 Citra",CBCo Brewing,No,3,4,4,6,0,2,0,0,0,0,0,2,0,0,0,5,5,0,0,0,0,"Sweet caramel, subtle, dry flakey,"
22-WA397-031,Citra ,"#64,#52 Citra",Propeller Brewery,No,3,4,4,6,0,0,0,2,2,0,0,0,0,0,0,5,2,0,0,0,0,
22-WA397-031,Citra ,"#64,#52 Citra",True North Ale Company,No,3,4,4,7,0,2,0,3,5,2,6,7,3,0,4,7,5,0,0,0,0,
22-WA397-031B,Citra ,"#64,#52 Citra",Official Sensory,Yes,0,3,4,0,0,4,0,0,1,0,2,1,4,0,6,6,6,0,0,0,0,Average internal validated sensory analysis for lot 22-WA397-031B
22-WA397-032,Citra ,"#64,#52 Citra",Tonewood Brewing,Yes,1,3,4,8,0,0,0,0,0,0,0,0,0,0,0,7,7,0,0,0,0,
22-WA397-032,Citra ,"#64,#52 Citra",Official Sensory,Yes,0,3,4,0,0,4,0,0,1,1,1,0,4,0,5,5,5,0,0,0,0,Average internal validated sensory analysis for lot 22-WA397-032
22-WA397-033,Mosaic ,"#64,#52 Citra",Silver City Brewing Co.,Yes,1,2,3,10,0,0,0,0,0,0,0,4,2,0,4,6,0,0,0,0,0,
22-WA397-033,Mosaic ,"#64,#52 Citra",Grimm Ales LLC,Yes,1,2,3,7,0,0,0,0,0,0,0,0,0,0,0,0,0,0,0,0,0,
22-WA397-033,Mosaic ,"#64,#52 Citra",Official Sensory,Yes,0,2,3,0,0,4,0,0,1,0,3,1,2,0,4,6,3,1,0,0,0,Average internal validated sensory analysis for lot 22-WA397-033
22-WA397-033,Mosaic ,"#64,#52 Citra",Maplewood Brewing Company,Yes,1,2,3,6,0,0,0,0,0,0,0,0,0,0,0,0,0,0,0,0,0,"Seafood city, garlic, berry, complex, best overall, little bit of everything"
22-WA397-033,Mosaic ,"#64,#52 Citra",Modist Brewing LLC,No,4,2,3,7,0,0,0,0,0,0,0,4,0,0,0,6,4,0,0,0,0,
22-WA397-033,Mosaic ,"#64,#52 Citra",Highland Park Brewery,No,2,2,3,5,0,3,0,4,0,1,2,4,2,0,0,2,3,0,0,0,2,Needs more intensity. Balance with true to brand characteristics is a bit off.
22-WA397-033,Mosaic ,"#64,#52 Citra",Tioga-Sequoia Brewing Co.,No,3,2,3,7,0,3,0,0,3,0,0,0,0,0,0,3,0,0,0,0,0,
22-WA397-033,Mosaic ,"#64,#52 Citra",Thin Man Brewing Company,No,4,2,3,4,0,0,0,0,0,0,0,0,0,0,0,0,0,0,0,0,0,Papery
22-WA397-033,Mosaic ,"#64,#52 Citra",North Park Beer Co.,No,2,2,3,5,0,3,0,4,0,1,2,4,2,0,0,2,3,0,0,0,2,Needs more intensity. Balance with true to brand characteristics is a bit off.
22-WA397-033,Mosaic ,"#64,#52 Citra",Barebottle Brewing Co.,No,4,2,3,5,0,0,0,0,0,0,0,0,4,0,0,0,0,0,0,3,0,"Black tea, slight swamp, berry"
22-WA397-033,Mosaic ,"#64,#52 Citra",Belching Beaver Co.,No,3,2,3,4,0,1,0,0,0,2,0,3,0,0,0,1,0,0,0,0,0,Heavy notes of grass/hay overpowers the aromatics
22-WA397-033,Mosaic ,"#64,#52 Citra",Sapwood Cellars,No,0,2,3,3,0,0,0,3,0,0,0,0,5,0,0,0,0,0,0,0,0,Dry hay
22-WA397-033,Mosaic ,"#64,#52 Citra",CRAK Brewery,No,4,2,3,6,0,0,0,0,0,0,0,3,0,0,0,0,4,0,0,0,2,
22-WA397-033,Mosaic ,"#64,#52 Citra",Almanac Beer Co.,No,3,2,3,5,0,0,0,0,2,2,0,3,5,0,0,0,0,0,0,0,0,
22-WA397-033,Mosaic ,"#64,#52 Citra",Maui Brewing Co.,No,2,2,3,7,0,0,0,0,0,0,0,0,0,0,0,0,0,0,0,0,0,Blueberry granola strawberry slight dank little floral
22-WA397-033,Mosaic ,"#64,#52 Citra",Deya Brewing Company Ltd,No,3,2,3,6,0,0,0,0,0,4,0,0,4,0,0,6,0,0,0,0,0,Nce a bit odd about it a bit of lemon. good but not as good
22-WA397-033,Mosaic ,"#64,#52 Citra",Resident Culture Brewing Company,No,2,2,3,3,0,0,0,0,0,0,0,0,0,0,0,0,0,0,0,0,0,
22-WA397-033,Mosaic ,"#64,#52 Citra",Von Ebert Brewing,No,2,2,3,7,0,0,0,0,3,0,0,7,0,0,0,0,0,0,0,0,4,"Compared to 8D21, this was similar, but higher intensity of grassy and less intensity of other desirables."
22-WA397-034,Mosaic ,"#64,#52 Citra",Level Beer,Yes,1,1,4,5,0,2,0,0,0,0,2,0,0,0,0,3,0,0,0,0,0,
22-WA397-034,Mosaic ,"#64,#52 Citra",Old Stove Brewing Co.,Yes,1,1,4,8,0,4,0,0,5,0,0,0,6,0,0,6,0,0,0,0,0,
22-WA397-034,Mosaic ,"#64,#52 Citra",Official Sensory,Yes,0,1,4,0,0,5,0,1,2,1,1,1,3,0,1,4,4,2,0,0,0,Average internal validated sensory analysis for lot 22-WA397-034
22-WA397-034,Mosaic ,"#64,#52 Citra",Willibald Farm Distillery & Brewery,No,4,1,4,6,0,0,0,2,0,0,0,0,4,0,0,3,0,0,0,0,0,
22-WA397-034,Mosaic ,"#64,#52 Citra",Zilker Brewing,No,3,1,4,7,0,0,0,0,0,0,0,0,0,0,0,2,3,0,0,0,0,"White flowers, dank banana, slightly muted,"
22-WA397-034,Mosaic ,"#64,#52 Citra",Mortalis Brewing Company,No,3,1,4,6,0,0,0,0,0,0,0,0,0,0,0,0,0,0,0,0,0,"Aroma more subtle. lemon, grass, stonefruit, woodsy"
22-WA397-034,Mosaic ,"#64,#52 Citra",Western Collective Beer,No,2,1,4,7,0,0,0,0,0,0,0,6,0,0,0,0,6,0,0,0,2,"Grassy, tropical, sweet aromatic, apple/pear, slight diesel"
22-WA397-034,Mosaic ,"#64,#52 Citra",La Barberie,No,2,1,4,3,0,0,0,0,0,0,0,0,0,0,0,0,0,0,0,0,0,
22-WA397-034,Mosaic ,"#64,#52 Citra",Griffin Claw Brewing Company,No,4,1,4,5,0,5,0,0,0,0,3,5,0,0,0,0,0,0,0,0,0,"Visually not attractive, not intense, lacks sweetness"
22-WA397-034,Mosaic ,"#64,#52 Citra",Steamworks Brewing,No,3,1,4,3,0,0,0,0,0,0,0,5,8,0,0,0,0,5,0,0,5,
22-WA397-034,Mosaic ,"#64,#52 Citra",Alter Brewing,No,4,1,4,6,0,0,0,0,0,0,0,0,0,0,0,0,0,0,0,0,0,"Herbal, tea, woodsy, pepper"
22-WA397-034,Mosaic ,"#64,#52 Citra",Microbrasserie Les Grands Bois,No,3,1,4,5,0,5,0,5,0,0,0,5,5,0,0,0,5,0,0,0,0,"3 sample was really brown, autumn leaves smell"
22-WA397-034,Mosaic ,"#64,#52 Citra",Dark Sky Brewing,No,3,1,4,6,0,0,0,0,0,0,0,0,0,0,0,0,0,0,0,0,0,Muted in comparison to selection
22-WA397-034,Mosaic ,"#64,#52 Citra",St Elmo Brewing Co.,No,3,1,4,4,0,0,0,0,1,0,0,0,0,0,1,0,1,0,0,0,0,
22-WA397-034,Mosaic ,"#64,#52 Citra",Microbrasserie Dieu Du Ciel,No,2,1,4,7,0,2,0,0,0,0,0,0,0,0,3,1,4,0,0,0,0,
22-WA397-034,Mosaic ,"#64,#52 Citra",Microbrasserie Jackalhop,No,4,1,4,4,0,0,0,0,0,0,4,6,0,0,0,3,0,0,0,0,0,
22-WA397-034,Mosaic ,"#64,#52 Citra",TEMESCAL BREWING,No,4,1,4,2,0,0,0,3,0,0,0,5,5,0,0,0,0,3,0,0,0,"Grassy, parsley, a little musky, onion, brown color"
22-WA397-034,Mosaic ,"#64,#52 Citra",Dru Bru,No,3,1,4,2,0,0,0,2,0,3,0,0,0,0,0,0,0,2,0,0,0,
22-WA397-034,Mosaic ,"#64,#52 Citra",Revelry Brewing Company,No,4,1,4,2,0,0,0,0,0,0,0,0,0,0,0,0,0,0,0,0,0,"Woody, spicy, herbal, lots of og. - bad I don&#39;t want this in my beer"
22-WA397-034,Mosaic ,"#64,#52 Citra",Cinderlands,No,4,1,4,5,0,4,0,0,0,0,0,0,0,0,0,4,0,0,0,0,0,We dubbed this &#34;mellow Mosaic&#34;. It has nice qualities and balance but low in intensity.
22-WA397-034,Mosaic ,"#64,#52 Citra",Country Boy Brewing,No,10,1,4,1,0,0,0,0,0,0,0,0,0,0,0,0,0,0,0,0,0,No. Extremely muted and dull.
22-WA397-034,Mosaic ,"#64,#52 Citra",Frost Beer Works,No,3,1,4,3,0,3,0,2,0,0,0,2,2,0,0,1,0,0,0,0,0,
22-WA397-034,Mosaic ,"#64,#52 Citra",Cerveceria Madueño,No,2,1,4,8,0,0,0,0,0,0,7,0,0,0,6,8,5,3,0,0,0,"Amazing citrusy smell, middle of the road floral, great balance of dankness."
22-WA397-034,Mosaic ,"#64,#52 Citra",Fonta Flora Brewing,No,4,1,4,5,0,0,0,0,0,0,0,0,0,0,0,0,0,0,0,0,0,"Fell flat, blueberry, grassy, dank, mango, strawberry lemongrass, softer and more subdues than other lots"
22-WA397-034,Mosaic ,"#64,#52 Citra",Burgeon Beer Company,No,4,1,4,5,0,0,0,0,0,0,0,2,0,0,0,4,0,2,0,0,1,Dried fruit
22-WA397-034,Mosaic ,"#64,#52 Citra","Brewery 2SP, LLC.",No,2,1,4,8,0,0,0,0,0,0,0,0,0,0,0,6,0,0,0,0,0,"Cream, clemintine, lemon,"
22-WA397-035,Mosaic ,"#64,#52 Citra",New Trail Brewing,Yes,1,2,3,8,0,0,0,0,0,0,0,0,0,0,0,5,6,2,0,0,1,
22-WA397-035,Mosaic ,"#64,#52 Citra",Official Sensory,Yes,0,2,3,0,0,6,0,1,1,0,1,2,4,0,5,5,4,0,0,0,0,Average internal validated sensory analysis for lot 22-WA397-035
22-WA397-035,Mosaic ,"#64,#52 Citra",Tarantula Hill Brewing Company,No,4,2,3,7,0,0,0,0,0,0,0,0,0,0,0,0,0,0,0,0,0,
22-WA397-035,Mosaic ,"#64,#52 Citra",Thin Man Brewing Company,No,3,2,3,7,0,0,0,0,0,0,0,0,0,0,0,0,0,0,0,0,0,
22-WA397-035,Mosaic ,"#64,#52 Citra",Cape May Brewing Co.,No,2,2,3,1,0,0,0,0,0,0,0,0,0,0,0,0,0,0,0,0,0,
22-WA397-035,Mosaic ,"#64,#52 Citra",Bottle Logic Brewing,No,3,2,3,2,0,3,0,0,0,0,0,0,0,0,0,3,0,5,0,0,0,"Flat, uninteresting -- makes 2I02 Lot seem more exciting, could definitely be biased because of the brown coloration"
22-WA397-035,Mosaic ,"#64,#52 Citra",Pipeworks Brewing LLC,No,10,2,3,2,0,0,0,0,0,0,0,0,0,0,0,0,0,0,0,0,0,
22-WA397-035,Mosaic ,"#64,#52 Citra",Superflux Beer Company,No,3,2,3,5,0,1,0,0,0,0,2,2,1,0,0,4,0,0,0,0,0,
22-WA397-035,Mosaic ,"#64,#52 Citra",Threes Brewing Comany,No,4,2,3,4,0,0,0,0,0,0,0,8,0,0,0,0,0,0,0,0,0,
22-WA397-035,Mosaic ,"#64,#52 Citra",Pinthouse Pizza LLC,No,2,2,3,6,0,0,0,0,0,0,0,3,0,0,0,4,0,0,0,0,0,"Shows some mite damage, maybe picked a touch early, good mint and blueberry, light sweat"
22-WA397-035,Mosaic ,"#64,#52 Citra",West Sixth Brewing,No,3,2,3,4,0,0,0,0,0,0,0,0,0,0,0,0,0,0,0,0,0,
22-WA397-035,Mosaic ,"#64,#52 Citra","MILLER COORS, LLC",No,10,2,3,3,0,0,0,0,0,0,0,0,0,0,0,0,0,0,0,0,0,
22-WA397-035,Mosaic ,"#64,#52 Citra",Industrial Arts Brewing Co,No,4,2,3,4,0,0,0,0,0,0,0,0,5,0,0,0,0,0,0,0,0,"Visually poor, wind burnt.  Dusty, minty/menthol.  Loud."
22-WA397-036,Mosaic ,"#64,#52 Citra",Official Sensory,Yes,0,1,2,0,0,5,0,1,1,0,1,4,5,0,2,5,2,0,0,0,0,Average internal validated sensory analysis for lot 22-WA397-036
22-WA397-036,Mosaic ,"#64,#52 Citra",Russian River Brewing Co.,No,4,1,2,7,0,0,0,0,0,0,0,0,0,0,0,0,6,0,0,0,0,
22-WA397-036,Mosaic ,"#64,#52 Citra",Fat Head's Brewery,No,5,1,2,3,0,3,0,4,2,2,2,4,4,0,2,3,2,1,4,2,3,"Browing, oxidized, cheezy, dull, friable, lacking tropical characteristics, muted, tomato, dull, wind damage, grassy"
22-WA397-037,Mosaic ,"#64,#52 Citra",Brouwerij Frontaal,Yes,1,1,4,9,0,2,0,0,0,0,0,0,0,0,0,6,8,0,0,0,0,"Passion fruit, lemonpeel, grapefruit, bright aroma"
22-WA397-037,Mosaic ,"#64,#52 Citra",LION PTY,Yes,3,1,4,6,0,0,0,0,0,0,0,0,0,0,0,0,0,0,0,0,0," - #3 NBB SWING lot, remaining RH for Bell's (RH headed to Haas)"
22-WA397-037,Mosaic ,"#64,#52 Citra",Official Sensory,Yes,0,1,4,0,0,6,0,0,1,0,2,0,4,0,4,7,5,1,0,0,0,Average internal validated sensory analysis for lot 22-WA397-037
22-WA397-037,Mosaic ,"#64,#52 Citra",Balter Brewing Company,No,5,1,4,5,0,4,0,0,0,0,0,4,0,0,0,3,0,0,0,0,0,"Lime, candy, grassy, woody, lower intensity"
22-WA397-037,Mosaic ,"#64,#52 Citra",Fieldwork Brewing,No,3,1,4,6,0,0,0,0,0,0,3,0,0,0,0,8,5,0,0,0,0,"A bit one note, but that one note is a good note. bright tropical citrus, nose just not too intense."
22-WA397-037,Mosaic ,"#64,#52 Citra",Ever Grain Brewing Co,No,2,1,4,6,0,0,0,0,0,0,0,0,0,0,0,0,0,0,0,0,0,
22-WA397-037,Mosaic ,"#64,#52 Citra",Track Brewing,No,4,1,4,3,0,0,0,0,0,0,0,5,0,0,0,0,0,5,0,0,0,"A bit grassy/herbal. Some OG, sweaty notes. Sulphur"
22-WA397-037,Mosaic ,"#64,#52 Citra",Tonewood Brewing,No,4,1,4,4,0,0,0,0,0,0,0,0,0,0,0,5,0,0,5,0,1,
22-WA397-037,Mosaic ,"#64,#52 Citra",Saint Arnold Brewing Co.,No,0,1,4,6,0,0,0,4,0,0,0,0,0,0,0,0,0,2,0,0,0,
22-WA397-037,Mosaic ,"#64,#52 Citra",HenHouse Brewing Company,No,4,1,4,4,0,4,0,4,0,4,5,5,0,0,0,3,0,0,0,0,0,
22-WA397-037,Mosaic ,"#64,#52 Citra",Propeller Brewery,No,6,1,4,5,0,2,0,0,0,2,1,0,1,0,1,2,0,0,0,0,0,
22-WA397-037,Mosaic ,"#64,#52 Citra",Urban Roots Brewery,No,0,1,4,3,0,0,0,0,0,0,0,0,0,0,0,0,0,0,0,0,0,
22-WA397-037,Mosaic ,"#64,#52 Citra",Outer Range Brewing Co.,No,5,1,4,6,0,0,0,0,0,0,0,0,0,0,0,0,0,0,3,0,0,
22-WA397-037,Mosaic ,"#64,#52 Citra","Trillium Brewing Co., LLC",No,3,1,4,5,0,0,0,0,0,0,0,0,0,0,0,0,0,0,0,0,0,
22-WA397-037,Mosaic ,"#64,#52 Citra","Three Floyds Brewing Co., LLC",No,5,1,4,5,0,0,0,0,0,0,4,0,2,0,0,0,0,0,0,0,0,
22-WA397-038,Mosaic ,"#64,#52 Citra",Beavertown Brewery,Yes,4,2,4,8,0,0,0,0,0,0,0,0,0,0,0,0,0,0,0,0,0,
22-WA397-038,Mosaic ,"#64,#52 Citra",Official Sensory,Yes,0,2,4,0,0,3,0,1,0,1,1,1,3,0,3,3,3,1,0,0,0,Average internal validated sensory analysis for lot 22-WA397-038
22-WA397-038,Mosaic ,"#64,#52 Citra",Balter Brewing Company,No,6,2,4,5,0,0,0,0,0,0,5,0,0,0,0,5,0,0,0,0,0,"Lime jello candy, some perfume floral"
22-WA397-038,Mosaic ,"#64,#52 Citra",Beachwood Brewing,No,3,2,4,5,0,2,0,0,0,0,0,2,0,0,0,0,4,0,0,0,0,
22-WA397-039,Mosaic ,"#64,#52 Citra",Official Sensory,Yes,0,3,4,0,0,4,0,0,1,0,2,2,2,0,1,5,3,2,0,0,0,Average internal validated sensory analysis for lot 22-WA397-039
22-WA397-040,Mosaic ,"#64,#52 Citra",Icicle Brewing Co.,Yes,1,4,4,9,0,0,0,0,0,0,3,0,0,0,0,5,7,0,0,0,1,"Some diesel, floral, berry, citrus"
22-WA397-040,Mosaic ,"#64,#52 Citra",Official Sensory,Yes,0,4,4,0,0,3,0,0,1,1,1,1,2,0,5,6,6,0,0,0,0,Average internal validated sensory analysis for lot 22-WA397-040
22-WA397-040,Mosaic ,"#64,#52 Citra",Von Ebert Brewing,Yes,1,4,4,9,0,0,0,0,0,0,0,0,0,0,0,0,0,0,0,0,7,Huge red raspberry and petrol.
22-WA397-040,Mosaic ,"#64,#52 Citra","Monday Night Ventures, LLC",No,2,4,4,6,0,0,0,0,0,0,0,0,0,0,0,0,0,0,0,0,0,
22-WA397-040,Mosaic ,"#64,#52 Citra",MadeWest Brewing Co,No,2,4,4,7,0,0,0,0,0,0,0,0,0,0,0,4,6,0,0,0,0,
22-WA397-040,Mosaic ,"#64,#52 Citra",Original Pattern Brewing Company,No,2,4,4,8,0,0,0,0,3,0,0,0,0,0,0,0,7,0,0,0,0,
22-WA397-040,Mosaic ,"#64,#52 Citra",Gnarly Barley Brewing Co,No,3,4,4,5,0,0,0,1,0,0,0,2,0,0,0,3,0,0,0,0,0,
22-WA397-041,Mosaic ,"#64,#52 Citra",Official Sensory,Yes,0,4,4,0,0,4,0,1,1,1,0,2,3,0,2,4,4,4,0,0,0,Average internal validated sensory analysis for lot 22-WA397-041
22-WA397-041,Mosaic ,"#64,#52 Citra",Russian River Brewing Co.,No,3,4,4,6,0,0,0,0,0,0,0,0,0,0,0,0,6,0,0,0,0,Slightly under dried
22-WA397-041,Mosaic ,"#64,#52 Citra",FOUNDERS BREWING CO.,No,3,4,4,6,0,0,0,0,0,0,0,0,0,0,0,0,0,0,0,0,0,
22-WA397-042,Mosaic ,"#64,#52 Citra",*YCH (4Group),Yes,1,4,4,10,0,0,0,0,0,0,0,0,0,0,0,0,0,0,0,0,0,N/A
22-WA397-042,Mosaic ,"#64,#52 Citra",Official Sensory,Yes,0,4,4,0,0,4,0,1,1,1,1,2,2,0,2,5,2,0,0,0,0,Average internal validated sensory analysis for lot 22-WA397-042
22-WA397-043,Mosaic ,#66,CERVECERÍA WENDLANDT,Yes,1,4,5,9,0,0,0,0,0,0,0,0,0,0,0,8,0,0,0,0,3,"Lime zest, dank,"
22-WA397-043,Mosaic ,#66,Original Pattern Brewing Company,Yes,1,4,5,9,0,3,0,2,4,4,2,4,2,0,6,3,8,5,0,5,4,
22-WA397-043,Mosaic ,#66,Official Sensory,Yes,0,4,5,0,0,4,0,2,0,2,1,1,4,0,2,5,5,3,0,0,0,Average internal validated sensory analysis for lot 22-WA397-043
22-WA397-044,Mosaic ,#66,Official Sensory,Yes,0,4,3,0,0,4,0,1,1,0,2,1,2,0,4,5,3,1,0,0,0,Average internal validated sensory analysis for lot 22-WA397-044
22-WA397-045,Mosaic ,"#66,#14 Mosaic",Bearded Iris Brewing,Yes,2,3,3,7,0,0,0,0,0,0,3,0,0,0,0,6,3,0,0,0,0,"Intense raspberry, light citrus, orange, sl. industrial, pungent, pineapple, light vanilla, shampoo/herbal essences, - 50%"
22-WA397-045,Mosaic ,"#66,#14 Mosaic",Official Sensory,Yes,0,3,3,0,0,3,0,1,2,0,1,1,2,0,3,5,4,1,0,0,0,Average internal validated sensory analysis for lot 22-WA397-045
22-WA397-046,Mosaic ,"#62,#14 Mosaic","Sierra Nevada Brewing Co., Inc.",Yes,9,3,4,5,0,0,0,0,0,0,0,0,0,0,0,0,0,0,0,0,0,
22-WA397-046,Mosaic ,"#62,#14 Mosaic",Official Sensory,Yes,0,3,4,0,0,3,0,1,1,1,1,1,2,0,1,4,3,2,0,0,0,Average internal validated sensory analysis for lot 22-WA397-046
22-WA397-047,Mosaic ,#62,To Øl,Yes,1,3,3,7,0,0,0,0,0,0,0,0,0,0,0,0,0,0,0,0,0,"Slight vegetal, died off, very dank. Soft grapefruit, little garlic, true to type. Cumin, dank, floral, fresh grass, red berries, melon"
22-WA397-047,Mosaic ,#62,Official Sensory,Yes,0,3,3,0,0,5,0,0,1,1,1,1,4,0,2,6,4,2,0,0,0,Average internal validated sensory analysis for lot 22-WA397-047
22-WA397-047,Mosaic ,#62,Bearded Iris Brewing,No,4,3,3,4,0,0,0,0,0,0,5,0,0,0,3,7,0,5,0,0,3,"High OG, lemon, yellow starburst, industrial/diesel,  unique, melon, cherry"
22-WA397-048,Mosaic ,"#61,#62",Superflux Beer Company,Yes,1,4,4,7,0,0,0,0,0,0,0,0,0,0,0,5,1,1,0,0,0,
22-WA397-048,Mosaic ,"#61,#62",Cloudburst Brewing,Yes,1,4,4,7,0,0,0,0,0,0,0,0,0,0,0,4,7,3,0,0,0,
22-WA397-048,Mosaic ,"#61,#62",Holy Mountain Brewing Co.,Yes,1,4,4,7,0,0,0,0,0,0,0,0,0,0,0,4,7,3,0,0,0,
22-WA397-048,Mosaic ,"#61,#62",Flying Monkeys Craft Brewery,Yes,1,4,4,7,0,0,0,0,0,0,0,0,0,0,5,5,3,0,0,0,0,"Bright, pungent, big citrus, tropical papaya"
22-WA397-048,Mosaic ,"#61,#62",Brasserie Du Bas-Canada Inc.,Yes,1,4,4,8,0,0,0,0,0,0,4,0,0,0,6,0,6,0,0,0,0,
22-WA397-048,Mosaic ,"#61,#62",Pinthouse Pizza LLC,Yes,1,4,4,10,0,0,0,0,0,0,0,0,0,0,0,7,0,1,0,0,0,"Dank sweaty, blueberry, good intensity, very classic example of mosaic!"
22-WA397-048,Mosaic ,"#61,#62",Stoup Brewing,Yes,1,4,4,7,0,0,0,0,0,0,0,0,0,0,0,4,7,3,0,0,0,
22-WA397-048,Mosaic ,"#61,#62",Official Sensory,Yes,0,4,4,0,0,4,0,1,1,0,1,2,2,0,4,6,5,1,0,0,0,Average internal validated sensory analysis for lot 22-WA397-048
22-WA397-048,Mosaic ,"#61,#62",DUST BOWL BREWING CO,No,4,4,4,2,0,0,0,2,0,0,0,6,0,0,0,0,0,5,0,0,0,Not good.  Onion/garlic and unpleasant character.
22-WA397-048,Mosaic ,"#61,#62","McMENAMINS, INC",No,3,4,4,6,0,0,0,0,0,0,0,0,0,0,5,6,3,4,0,0,0,
22-WA397-048,Mosaic ,"#61,#62",Wren House Brewing Company,No,4,4,4,5,0,0,0,0,0,0,0,0,0,0,0,0,0,0,0,0,6,
22-WA397-048,Mosaic ,"#61,#62",Voodoo Brewing Co.,No,2,4,4,6,0,0,0,0,0,0,0,0,0,0,2,0,2,0,0,0,0,
22-WA397-048,Mosaic ,"#61,#62",4 Hands Brewing Co.,No,4,4,4,4,0,1,0,0,0,0,3,0,0,0,0,5,1,0,0,0,0,More floral notes. Low on tropical.
22-WA397-048,Mosaic ,"#61,#62",Topa Topa Brewing Co.,No,5,4,4,3,0,0,0,0,0,0,0,0,0,0,0,0,0,0,0,0,0,"Perfume, guava,"
22-WA397-048,Mosaic ,"#61,#62",Block 15 Brewing,No,2,4,4,7,0,0,0,2,0,0,0,0,2,0,0,4,7,3,0,0,0,Pungent and complex.  Touch of green onion makes it #2. - Green onion only disqualifier
22-WA397-048,Mosaic ,"#61,#62",St Austell Brewery,No,3,4,4,6,0,0,0,2,0,0,0,0,0,0,7,0,5,4,0,0,0,"Onion/garlic initially dominant, coconut, stonefruit jumping out after, big punchy, intense, more oily"
22-WA397-048,Mosaic ,"#61,#62",Meanwhile Brewing Co,No,3,4,4,6,0,0,0,0,0,2,0,0,0,0,0,2,2,0,0,2,0,
22-WA397-048,Mosaic ,"#61,#62",MadeWest Brewing Co,No,3,4,4,6,0,0,0,0,0,0,0,0,0,0,0,0,0,0,0,0,0,
22-WA397-049,Mosaic ,"#61,#62",Official Sensory,Yes,0,4,4,0,0,4,0,0,1,2,1,1,2,0,1,5,2,1,0,0,0,Average internal validated sensory analysis for lot 22-WA397-049
22-WA397-049,Mosaic ,"#61,#62",Bent Spoke Brewing,No,6,4,4,6,0,0,0,0,0,0,0,0,0,0,0,0,7,5,0,0,0,"OG, ripe tropical, little rubber, muted candy"
22-WA397-050,Mosaic ,"#17,#61",Phase Three Brewing,Yes,1,4,3,8,0,0,0,0,0,0,3,2,2,0,1,4,3,0,0,0,0,
22-WA397-050,Mosaic ,"#17,#61",Lervig,Yes,1,4,3,8,0,0,0,0,0,0,0,0,4,0,0,5,6,1,0,0,1,"Guava, lemongrass, complex, grapefruit, lime, honeydew melom"
22-WA397-050,Mosaic ,"#17,#61","Kings County Brewers Collective, LLC",Yes,1,4,3,7,0,0,0,0,0,0,0,0,0,0,0,0,4,0,0,0,0,"Clean, pineapple"
22-WA397-050,Mosaic ,"#17,#61",GREAT LAKES BREWING CO,Yes,1,4,3,6,0,0,0,0,0,0,0,0,0,0,0,9,0,0,0,0,0,
22-WA397-050,Mosaic ,"#17,#61",Official Sensory,Yes,0,4,3,0,0,5,0,1,1,1,1,1,3,0,4,5,6,2,0,0,0,Average internal validated sensory analysis for lot 22-WA397-050
22-WA397-050,Mosaic ,"#17,#61",Sapwood Cellars,No,2,4,3,5,0,0,0,0,0,0,0,0,0,0,0,4,2,4,0,0,0,
22-WA397-050,Mosaic ,"#17,#61",Pub BreWskey,No,3,4,3,8,0,0,0,0,0,0,0,0,0,0,0,0,0,0,0,0,0,
22-WA397-050,Mosaic ,"#17,#61","McMENAMINS, INC",No,2,4,3,7,0,0,0,0,0,0,0,0,0,0,0,5,7,2,0,0,0,
22-WA397-050,Mosaic ,"#17,#61",Brasserie Du Bas-Canada Inc.,No,3,4,3,7,0,0,0,0,0,0,5,0,2,0,6,3,5,0,0,0,0,
22-WA397-050,Mosaic ,"#17,#61",Gage Roads Brewery,No,3,4,3,7,0,0,0,0,0,0,3,3,0,0,0,0,7,0,0,0,0,"Tropical, fairy floss, sweet perfume, some melon, touch of grass"
22-WA397-050,Mosaic ,"#17,#61",GEORGETOWN BREWING,No,3,4,3,7,0,0,0,0,0,0,6,1,1,0,0,2,2,3,0,0,0,Good profile but some undertones of hay.  lots of perfume almost kind of Citra like.  good lot but others are presenting stronger
22-WA397-051,Mosaic ,#17,"Old Nation Brewing Co., LLC",Yes,1,4,4,8,0,0,0,0,0,0,0,0,0,0,0,0,0,0,0,0,0,
22-WA397-051,Mosaic ,#17,Pryes Brewing Company,Yes,1,4,4,8,0,0,0,1,3,1,3,4,2,0,4,2,7,3,0,1,4,"Tropical, berry, stone fruit, ripe"
22-WA397-051,Mosaic ,#17,Damm SA,Yes,2,4,4,7,0,0,0,0,0,0,0,0,0,0,0,0,0,0,0,0,0,"Peach, apple, berries, thiol, old wood, spicy, lemongrass,"
22-WA397-051,Mosaic ,#17,Official Sensory,Yes,0,4,4,0,0,3,0,0,1,0,0,1,2,0,2,5,3,2,0,0,0,Average internal validated sensory analysis for lot 22-WA397-051
22-WA397-051,Mosaic ,#17,New England Brewing Co.,No,2,4,4,9,0,0,0,0,0,0,0,0,0,0,0,3,8,0,0,0,5,
22-WA397-051,Mosaic ,#17,Lervig,No,3,4,4,5,0,0,0,0,0,4,0,0,0,0,0,4,0,1,0,0,0,"Lemon, tomato plant"
22-WA397-051,Mosaic ,#17,Superflux Beer Company,No,2,4,4,6,0,0,0,0,0,0,0,0,0,0,1,5,4,1,0,0,1,
22-WA397-051,Mosaic ,#17,Pub BreWskey,No,2,4,4,7,0,0,0,0,0,0,0,0,0,0,0,0,0,0,0,0,0,
22-WA397-051,Mosaic ,#17,Threes Brewing Comany,No,3,4,4,6,0,1,0,0,0,0,4,0,0,0,2,0,0,0,0,0,0,
22-WA397-051,Mosaic ,#17,Stigbergets Bryggeri,No,3,4,4,7,0,0,0,0,0,0,2,0,0,0,0,2,0,4,0,0,2,"Sweaty and dank with strong berry notes, kinda sweaty but in a very nice way, more intense - slightly more herbal"
22-WA397-051,Mosaic ,#17,Alvarium Brewing Co.,No,3,4,4,5,0,1,0,0,0,0,0,0,0,0,0,3,0,2,0,0,0,
22-WA397-051,Mosaic ,#17,Gage Roads Brewery,No,2,4,4,7,0,0,0,0,0,0,4,0,0,0,0,0,7,2,0,0,0,"Tropical, orange blossom, musk, small melon, pungent, OG"
22-WA397-051,Mosaic ,#17,CERVECERÍA WENDLANDT,No,4,4,4,5,0,0,0,0,0,0,0,0,0,0,0,0,5,4,2,0,0,Tropical layer of weirdness
22-WA397-051,Mosaic ,#17,Prison City Pub & Brewery,No,2,4,4,9,0,0,0,0,0,0,0,0,0,0,0,0,2,2,0,0,0,"Fruit punch, hair of og"
22-WA397-051,Mosaic ,#17,"4 Noses Brewing Co., LLC",No,0,4,4,1,0,0,0,0,0,0,0,0,0,0,0,0,0,0,0,10,0,Cannot get past plastic notes
22-WA397-051,Mosaic ,#17,BREAKSIDE BREWERY,No,3,4,4,3,0,0,0,0,0,0,0,0,0,0,6,0,0,0,0,0,0," - Holy heck this smells like the burning pits of hell, in the best way. Just a lot of sulfur that persists and doesn't blow off. Like Hugo Chavez talking about W's scent when addressing the UN in the early 2000s. There's some great stonefruit aroma underneath the sulfur, and this could be a cool lot. Intensity is off the charts, for better or for worse."
22-WA397-052,Mosaic ,"#17,#73",Institution Ale Co.,Yes,1,5,4,8,0,0,0,0,0,0,0,0,0,0,0,5,5,0,0,0,2,
22-WA397-052,Mosaic ,"#17,#73",Official Sensory,Yes,0,5,4,0,0,3,0,0,0,1,2,1,2,0,3,5,4,2,0,0,0,Average internal validated sensory analysis for lot 22-WA397-052
22-WA397-052,Mosaic ,"#17,#73","Great North Brewing, LLC",No,4,5,4,5,0,5,0,4,4,1,3,3,4,0,3,6,3,0,0,0,0,"Least attractive of the table, but still a decent lot"
22-WA397-052,Mosaic ,"#17,#73",Cabin Brewing Company Inc.,No,2,5,4,6,0,6,0,0,0,0,6,3,2,0,5,7,6,1,0,0,0,
22-WA397-052,Mosaic ,"#17,#73",Moonraker Brewing Company,No,5,5,4,6,0,4,0,0,0,0,0,0,0,0,0,7,5,0,0,0,0,
22-WA397-052,Mosaic ,"#17,#73","McMENAMINS, INC",No,5,5,4,4,0,0,0,0,0,0,0,4,0,0,0,3,0,5,0,0,0,
22-WA397-052,Mosaic ,"#17,#73",To Øl,No,3,5,4,4,0,0,0,0,0,0,0,0,0,0,0,0,0,0,0,0,0,"Stood out initially, some wet wood, dill, a little geranium. Citrus juice, thyme. high intensity"
22-WA397-053,Mosaic ,#53,*YCH (4Group),Yes,1,4,4,10,0,0,0,0,0,0,0,0,0,0,0,0,0,0,0,0,0,N/A
22-WA397-053,Mosaic ,#53,Official Sensory,Yes,0,4,4,0,0,5,0,1,1,1,0,2,2,0,1,4,3,3,0,0,0,Average internal validated sensory analysis for lot 22-WA397-053
22-WA397-054,Mosaic ,#73,Holy Mountain Brewing Co.,Yes,1,4,3,6,0,0,0,0,0,0,2,1,0,0,0,4,5,5,0,3,0,
22-WA397-054,Mosaic ,#73,Cloudburst Brewing,Yes,1,4,3,6,0,0,0,0,0,0,2,1,0,0,0,4,5,5,0,3,0,
22-WA397-054,Mosaic ,#73,Community Beer Co,Yes,1,4,3,8,0,0,0,0,0,0,0,0,0,0,0,7,2,0,0,0,0,"Berry, fruit, meyer lemon, citrus,"
22-WA397-054,Mosaic ,#73,Ghost Town Brewing,Yes,1,4,3,9,0,0,0,0,0,0,0,0,0,0,0,6,8,3,0,0,0,
22-WA397-054,Mosaic ,#73,BREAKSIDE BREWERY,Yes,1,4,3,8,0,0,0,1,0,0,0,3,0,0,5,2,9,0,0,0,0,"Smells like the fiery pits of hell but somehow you escape back to fifth circle then the third then you emerge, born again, into an Edenic land of passionfruit, green apple Jolly Ranchers, and lychee. Good things come to those who wait and if you sit with this lot for a few minutes, the rewards are great. My after-school dreams of gushers and Capri Sun come to life."
22-WA397-054,Mosaic ,#73,Stoup Brewing,Yes,1,4,3,6,0,0,0,0,0,0,2,1,0,0,0,4,5,5,0,3,0,
22-WA397-054,Mosaic ,#73,Official Sensory,Yes,0,4,3,0,0,3,0,0,0,0,1,2,2,0,2,5,4,1,0,0,0,Average internal validated sensory analysis for lot 22-WA397-054
22-WA397-054,Mosaic ,#73,Lupulin Brewing Co,No,5,4,3,4,0,0,0,2,0,0,0,0,0,0,0,0,0,3,0,0,0,
22-WA397-054,Mosaic ,#73,"4 Noses Brewing Co., LLC",No,3,4,3,1,0,0,0,0,0,0,0,0,0,0,0,0,0,10,0,0,0, - All onion garlic
22-WA397-055,Mosaic ,#73,*YCH (4Group),Yes,1,4,3,10,0,0,0,0,0,0,0,0,0,0,0,0,0,0,0,0,0,N/A
22-WA397-055,Mosaic ,#73,Official Sensory,Yes,0,4,3,0,0,4,0,1,1,0,1,2,2,0,4,5,4,2,0,0,0,Average internal validated sensory analysis for lot 22-WA397-055
22-WA397-055,Mosaic ,#73,Brouwerij Frontaal,No,5,4,3,5,0,0,0,0,0,0,0,0,3,0,0,4,8,0,0,3,0,"Lemon grass, tea, ripe pear"
22-WA397-055,Mosaic ,#73,4 Hands Brewing Co.,No,2,4,3,6,0,0,0,0,0,0,1,0,0,0,0,6,1,0,0,0,0,"Very nice hop, but not the profile we want. Need more tropical notes."
22-WA397-055,Mosaic ,#73,Topa Topa Brewing Co.,No,6,4,3,3,0,0,0,0,0,0,0,0,0,0,0,0,0,0,0,0,0,"Danky/skunky/ og, high berry"
22-WA397-056,Citra ,#73,Official Sensory,Yes,0,4,5,0,0,5,0,1,1,1,1,1,2,0,3,3,3,1,0,0,0,Average internal validated sensory analysis for lot 22-WA397-056
22-WA397-057,Citra ,#73,Official Sensory,Yes,0,4,4,0,0,4,0,0,1,1,1,1,2,0,4,6,4,1,0,0,0,Average internal validated sensory analysis for lot 22-WA397-057
22-WA397-057,Citra ,#73,Cape May Brewing Co.,No,3,4,4,3,0,0,0,0,2,1,1,3,0,0,0,3,2,2,1,0,0,
22-WA397-057,Citra ,#73,"New Anthem, LLC",No,4,4,4,6,0,0,0,0,0,0,0,0,0,0,0,7,3,0,3,1,0,
22-WA397-057,Citra ,#73,Belching Beaver Co.,No,2,4,4,7,0,0,0,0,1,0,0,0,0,0,0,6,2,2,0,0,0,
22-WA397-057B,Citra ,#73,Official Sensory,Yes,0,4,4,0,0,4,0,0,1,1,0,1,4,0,3,5,4,0,0,0,0,Average internal validated sensory analysis for lot 22-WA397-057B
22-WA397-058,Ahtanum ,#73,Parallel 49 Brewing,Yes,1,3,3,9,0,0,0,0,0,0,0,0,0,0,0,0,0,0,0,0,0, - Clean grapefruit notes.
22-WA397-058,Ahtanum ,#73,Official Sensory,Yes,0,3,3,0,0,4,0,0,0,1,1,1,2,0,2,5,4,0,0,0,0,Average internal validated sensory analysis for lot 22-WA397-058
22-WA397-058,Ahtanum ,#73,Surly Brewing Company,No,2,3,3,7,0,0,0,0,0,0,2,2,0,0,5,5,0,0,0,0,0,
22-WA397-059,Ahtanum ,#73,Official Sensory,Yes,0,3,3,0,0,4,0,0,2,1,3,2,2,0,4,5,2,0,0,0,0,Average internal validated sensory analysis for lot 22-WA397-059
22-WA397-059,Ahtanum ,#73,vandeStreek Bier,No,2,3,3,7,0,0,0,0,0,0,0,0,0,0,0,6,2,1,0,0,3,
22-WA397-060,Pahto ,#73,Official Sensory,Yes,0,4,3,0,0,4,0,0,0,1,1,0,3,0,1,5,2,2,0,0,0,Average internal validated sensory analysis for lot 22-WA397-060
22-WA397-061,Pahto ,#73,Official Sensory,Yes,0,4,3,0,0,4,0,1,1,1,0,1,3,0,1,5,3,2,0,0,0,Average internal validated sensory analysis for lot 22-WA397-061
22-WA397-062,Pahto ,#67,Official Sensory,Yes,0,4,3,0,0,5,0,2,0,1,1,1,3,0,1,3,2,1,0,0,0,Average internal validated sensory analysis for lot 22-WA397-062
22-WA397-063,Pahto ,"#67,#68",Official Sensory,Yes,0,4,4,0,0,5,0,1,1,0,1,1,2,0,2,5,2,2,0,0,0,Average internal validated sensory analysis for lot 22-WA397-063
22-WA397-064,Pahto ,#68,LION PTY,Yes,1,4,3,6,0,0,0,0,0,0,0,0,0,0,0,0,0,0,0,0,0, - #1 selection for NBB
22-WA397-064,Pahto ,#68,Official Sensory,Yes,0,4,3,0,0,4,0,0,0,0,0,1,3,0,3,5,3,1,0,0,0,Average internal validated sensory analysis for lot 22-WA397-064
22-WA397-065,Pahto ,#68,Official Sensory,Yes,0,4,4,0,0,4,0,1,1,1,1,1,2,0,1,4,2,1,0,0,0,Average internal validated sensory analysis for lot 22-WA397-065
22-WA397-066,Pahto ,#68,Official Sensory,Yes,0,3,3,0,0,5,0,1,1,0,1,1,4,0,2,3,3,1,0,0,0,Average internal validated sensory analysis for lot 22-WA397-066
22-WA397-067,Pahto ,#77,Official Sensory,Yes,0,3,3,0,0,4,0,1,1,0,1,1,1,0,2,6,2,4,0,0,0,Average internal validated sensory analysis for lot 22-WA397-067
22-WA397-068,Pahto ,"#79,#77",Official Sensory,Yes,0,3,3,0,0,3,0,1,1,0,1,0,2,0,1,4,2,1,0,0,0,Average internal validated sensory analysis for lot 22-WA397-068
22-WA397-069,Pahto ,#79,Official Sensory,Yes,0,4,2,0,0,5,0,2,1,1,0,3,4,0,4,5,3,1,0,0,0,Average internal validated sensory analysis for lot 22-WA397-069
22-WA397-070,Pahto ,#79,Official Sensory,Yes,0,3,4,0,0,4,0,0,0,0,1,0,3,0,2,4,3,1,0,0,0,Average internal validated sensory analysis for lot 22-WA397-070
22-WA397-071,Pahto ,#79,Official Sensory,Yes,0,2,3,0,0,4,0,1,1,1,0,1,2,0,1,5,2,0,0,0,0,Average internal validated sensory analysis for lot 22-WA397-071
22-WA397-072,HBC638,#79,Official Sensory,Yes,0,4,4,0,0,5,0,0,1,0,3,1,2,0,2,5,4,0,0,0,0,Average internal validated sensory analysis for lot 22-WA397-072
22-WA397-073,HBC638,Tri 40 West,Official Sensory,Yes,0,4,3,0,0,3,0,0,0,0,1,0,1,0,4,5,6,0,0,0,0,Average internal validated sensory analysis for lot 22-WA397-073
22-WA397-074,Idaho 7 ,#84 West,*YCH (4Group),Yes,1,4,4,10,0,0,0,0,0,0,0,0,0,0,0,0,0,0,0,0,0,N/A
22-WA397-074,Idaho 7 ,#84 West,Official Sensory,Yes,0,4,4,0,0,4,0,0,1,0,1,0,1,0,4,6,6,1,0,0,0,Average internal validated sensory analysis for lot 22-WA397-074
22-WA397-074,Idaho 7 ,#84 West,Meanwhile Brewing Co,No,4,4,4,4,0,0,0,4,0,0,0,4,0,0,0,4,2,0,0,0,0,"Had some cool characters, but overall more dull than others on table, a little earthy"
22-WA397-100,Sabro ,#84 West,To Øl,Yes,1,4,4,7,0,0,0,0,0,0,0,0,0,0,0,0,0,0,0,0,0,"Tropical, mango, papaya, Chinese long pepper, white peach. Very interesting, grass, lime, lemon, slight coconut. Lavender, green apple. Gorgeous!"
22-WA397-100,Sabro ,#84 West,Balter Brewing Company,Yes,2,4,4,9,0,0,0,0,0,0,3,0,0,0,0,4,6,0,0,0,0,"Coconut, moderate tangerine, candy, floral - We are going to take 50% of already produced cartons. If possible label outside of pallet with grower name in large letters."
22-WA397-100,Sabro ,#84 West,Noon Whistle Brewing,Yes,1,4,4,7,0,1,0,1,0,0,1,1,1,0,0,5,4,0,0,1,0,Lime and coconut
22-WA397-100,Sabro ,#84 West,Surly Brewing Company,Yes,1,4,4,7,0,2,0,5,0,0,1,3,4,0,3,5,7,0,0,0,0,
22-WA397-100,Sabro ,#84 West,Official Sensory,Yes,0,4,4,0,0,4,0,0,0,1,1,0,2,0,5,6,6,0,0,0,0,Average internal validated sensory analysis for lot 22-WA397-100
22-WA397-100,Sabro ,#84 West,Topa Topa Brewing Co.,No,2,4,4,7,0,0,0,0,0,0,0,0,0,0,0,0,0,0,0,0,0,Guava. slight coconut cream.
22-WA397-100,Sabro ,#84 West,Hi-Wire Brewing Company,No,3,4,4,7,0,0,0,0,0,0,0,0,6,0,5,6,5,0,0,0,0,
22-WA397-100,Sabro ,#84 West,Drekker Brewing Co.,No,2,4,4,6,0,0,0,2,0,0,0,0,6,0,0,2,5,0,0,0,0,"Dill, tomato paste, peach, tangerine, subtle lime, sierra mist, ripe/tart pineapple"
22-WA397-100,Sabro ,#84 West,Strange Brewing,No,2,4,4,7,0,6,0,0,0,0,0,0,6,0,6,4,7,0,0,0,0,"Tropical, Stonefruit, woody, herbal - dill,"
22-WA397-100,Sabro ,#84 West,Messorem Bracitorium Brewery Inc.,No,4,4,4,6,0,0,0,0,0,0,0,0,0,0,5,5,6,0,0,0,0,
22-WA397-100,Sabro ,#84 West,Maine Beer Co.,No,2,4,4,5,0,0,0,0,0,0,2,0,2,0,0,2,5,0,0,0,0,
22-WA397-100,Sabro ,#84 West,"Firestone Walker, Inc.",No,2,4,4,7,0,0,0,0,0,0,0,0,0,0,0,4,6,0,0,0,0,"More balanced citrus/coconut, good tropical fruit"
22-WA397-100,Sabro ,#84 West,Mountain Culture,No,4,4,4,6,0,6,0,0,0,0,0,0,1,0,0,5,0,0,0,0,0,"Citrus, sweet wood, peacho&#39;s (candy), lime, dill"
22-WA397-100,Sabro ,#84 West,Browar PINTA,No,2,4,4,7,0,0,0,0,0,0,0,0,0,0,4,0,6,0,0,0,1,"More tropical coconut also sweet aroma, at the end diesel, cocounit water"
22-WA397-100,Sabro ,#84 West,Tennessee Brew Works,No,4,4,4,6,0,4,0,0,0,0,0,0,0,0,5,0,2,0,0,0,0,Stone fruit less cedar not enough tropical
22-WA397-101,Sabro ,#84 West,*YCH (4Group),Yes,1,4,4,10,0,0,0,0,0,0,0,0,0,0,0,0,0,0,0,0,0,N/A
22-WA397-101,Sabro ,#84 West,Official Sensory,Yes,0,4,4,0,0,3,0,0,0,1,2,0,3,0,2,4,6,0,0,0,0,Average internal validated sensory analysis for lot 22-WA397-101
22-WA397-102,Sabro ,#84 West,Community Beer Co,Yes,1,4,3,7,0,0,0,0,0,0,0,0,0,0,0,0,5,0,0,0,0,"Good range of aromas, lots of fruit, tropical, tropical punch"
22-WA397-102,Sabro ,#84 West,Almanac Beer Co.,Yes,1,4,3,8,0,0,0,0,5,0,5,0,0,0,0,7,8,2,0,0,1,
22-WA397-102,Sabro ,#84 West,Official Sensory,Yes,0,4,3,0,0,3,0,0,1,1,1,0,4,0,3,6,5,0,0,0,0,Average internal validated sensory analysis for lot 22-WA397-102
22-WA397-103,Simcoe ,#84 West,Marble Brewery,Yes,1,5,3,10,0,0,0,0,1,0,3,2,0,0,0,5,6,0,0,0,0,"Toight like a toiger. looks great, guava, lemon, citrus, papaya, low petroleum, low spice, tropical"
22-WA397-103,Simcoe ,#84 West,Yards Brewing Co.,Yes,1,5,3,8,0,0,0,0,0,0,0,0,0,0,0,0,0,0,0,0,0,
22-WA397-103,Simcoe ,#84 West,Flying Dog Brewery,Yes,1,5,3,9,0,0,0,0,0,0,0,0,0,0,3,3,3,0,0,0,0,
22-WA397-103,Simcoe ,#84 West,Official Sensory,Yes,0,5,3,0,0,4,0,0,0,0,1,2,3,0,2,6,6,0,0,0,0,Average internal validated sensory analysis for lot 22-WA397-103
22-WA397-103,Simcoe ,#84 West,Bissell Brothers Brewing,No,4,5,3,6,0,2,0,0,0,0,0,4,0,0,0,2,0,0,0,0,0,Solid example. Hair cheesier than others
22-WA397-103,Simcoe ,#84 West,Root + Branch Brewing,No,3,5,3,6,0,0,0,0,0,0,0,0,3,0,6,6,6,0,0,0,0,
22-WA397-103,Simcoe ,#84 West,Columbus Brewing Co.,No,5,5,3,4,0,0,0,0,0,0,0,2,2,0,2,3,2,4,1,0,0,Balanced but slight leafy/grass/veg
22-WA397-104,Simcoe ,#84 West,*YCH (4Group),Yes,1,4,3,10,0,0,0,0,0,0,0,0,0,0,0,0,0,0,0,0,0,N/A
22-WA397-104,Simcoe ,#84 West,Official Sensory,Yes,0,4,3,0,0,3,0,1,0,1,1,1,3,0,3,4,4,1,0,0,0,Average internal validated sensory analysis for lot 22-WA397-104
22-WA397-104,Simcoe ,#84 West,CRAK Brewery,No,4,4,3,6,0,0,0,0,0,0,0,3,0,0,3,0,2,0,0,0,0,
22-WA397-105,Simcoe ,#84 West,Brewdog,Yes,3,4,3,7,0,0,0,0,0,0,0,0,0,0,0,0,0,0,0,0,0,
22-WA397-105,Simcoe ,#84 West,Official Sensory,Yes,0,4,3,0,0,5,0,0,0,0,1,1,2,0,3,6,6,0,0,0,0,Average internal validated sensory analysis for lot 22-WA397-105
22-WA397-106,Citra ,#84 West,Official Sensory,Yes,0,3,4,0,0,5,0,0,0,0,1,1,3,0,4,6,6,0,0,0,0,Average internal validated sensory analysis for lot 22-WA397-106
22-WA397-106,Citra ,#84 West,Zero Gravity Craft Brewery,No,5,3,4,5,0,0,0,0,0,0,0,0,0,0,0,4,4,0,0,0,2,
22-WA397-106,Citra ,#84 West,Root + Branch Brewing,No,4,3,4,7,0,0,0,0,0,0,0,0,3,0,7,7,0,0,0,0,0,
22-WA397-106,Citra ,#84 West,Fieldwork Brewing,No,4,3,4,6,0,3,0,3,0,0,0,2,0,0,3,7,0,0,0,0,0,"Least favorite of the lots but still a good hop, Too strong of grassy pine notes, initial aroma was moderate intensity and fell flat very quickly."
22-WA397-106,Citra ,#84 West,Dancing Gnome Beer,No,3,3,4,6,0,1,0,2,0,2,0,1,0,0,0,5,0,0,0,0,0,"Pleasant citrus, but slightly more vegetal and woody than preferred"
22-WA397-106,Citra ,#84 West,Columbus Brewing Co.,No,4,3,4,3,0,0,0,0,0,0,0,4,0,0,2,4,2,3,0,0,0,"Grassy. leafy, vegetal"
22-WA397-106,Citra ,#84 West,Pinthouse Pizza LLC,No,4,3,4,7,0,2,0,0,0,0,0,3,2,0,4,4,0,0,0,0,0,"Mild fruit character, low intensity, not true to our brand"
22-WA397-107,Citra ,#84 West,"McMENAMINS, INC",Yes,1,3,4,7,0,0,0,0,0,0,0,0,0,0,0,8,6,0,0,0,0,
22-WA397-107,Citra ,#84 West,Kern River Brewing,Yes,1,3,4,7,0,2,0,0,0,0,3,2,2,0,0,8,2,0,3,0,0,Bright citrus and slight sweet aroma.  Nice combo of herbal/grassy/woody etc.  Slight oxidation aroma at front end.  Seems true to type.
22-WA397-107,Citra ,#84 West,Official Sensory,Yes,0,3,4,0,0,3,0,0,1,0,2,1,3,0,4,5,6,0,0,0,0,Average internal validated sensory analysis for lot 22-WA397-107
22-WA397-107,Citra ,#84 West,Voodoo Brewing Co.,No,3,3,4,5,0,0,0,0,0,0,0,0,0,0,0,0,0,0,0,0,0,
22-WA397-107,Citra ,#84 West,Sebago Brewing Company,No,2,3,4,6,0,0,0,0,0,0,0,0,0,0,0,7,2,0,0,0,0,"Citrus zest (lemon, orange, grapefruit), ripe under-tones - nice citrus, good lot"
22-WA397-107,Citra ,#84 West,Liquid Gravity Brewing Company,No,3,3,4,6,0,4,0,4,0,0,0,0,0,0,0,7,2,0,0,0,0,More woody than I&#39;m looking for. Nice lime note. Slightly earthy with a bit of wintergreen.
22-WA397-107,Citra ,#84 West,Athletic Brewing Co.,No,0,3,4,1,0,0,0,0,0,0,0,0,0,0,0,0,0,0,0,0,0,
22-WA397-107,Citra ,#84 West,Maine Beer Co.,No,2,3,4,7,0,0,0,0,0,0,0,0,0,0,0,5,3,1,0,0,0,
22-WA397-107,Citra ,#84 West,Le Trou Du Diable,No,2,3,4,7,0,0,0,0,0,0,0,3,2,0,0,4,4,0,0,0,0,
22-WA397-107,Citra ,#84 West,New Holland,No,3,3,4,7,0,0,0,0,0,0,3,4,2,0,0,5,0,0,0,0,0,"Berry, citrus, grassy/hay, floral, tea, dry, some hidden sweetness. you guys did real good"
22-WA397-107,Citra ,#84 West,Hoplark Hoptea,No,7,3,4,5,0,0,0,0,0,0,0,0,0,0,0,7,0,0,0,0,0,"A little too lemon, cleaning product smelling"
22-WA397-108,HBC-586,#84 West,Official Sensory,Yes,0,3,3,0,0,4,0,1,1,0,1,1,2,0,6,6,5,0,0,0,0,Average internal validated sensory analysis for lot 22-WA397-108
22-WA397-109,Simcoe Organic ,#84 West,Hill Farmstead Brewery,Yes,1,4,4,7,0,0,0,0,0,0,2,4,0,0,0,6,2,0,0,0,0,"Pretty ok Simcoe. A bit grassy and have to dig for expressiveness.  What is the 2-MIB of this Simcoe?  After selecting based on this for several years, it would be very helpful =)"
22-WA397-109,Simcoe Organic ,#84 West,Official Sensory,Yes,0,4,4,0,0,4,0,0,1,0,0,1,4,0,2,5,4,0,0,0,0,Average internal validated sensory analysis for lot 22-WA397-109
22-WA397-110,Simcoe Organic ,#84 West,Official Sensory,Yes,0,5,4,0,0,5,0,1,0,1,1,2,4,0,5,6,4,0,0,0,0,Average internal validated sensory analysis for lot 22-WA397-110
22-WA397-111,Citra Organic ,#84 West,Official Sensory,Yes,0,3,4,0,0,3,0,0,1,1,2,1,4,0,2,6,3,0,0,0,0,Average internal validated sensory analysis for lot 22-WA397-111
22-WA397-112,Citra Organic ,#84 West,Official Sensory,Yes,0,3,4,0,0,3,0,1,0,1,1,1,2,0,2,5,6,1,0,0,0,Average internal validated sensory analysis for lot 22-WA397-112
22-WA397-112,Citra Organic ,#84 West,Hill Farmstead Brewery,No,2,3,4,6,0,0,0,0,0,0,1,1,0,0,0,7,0,1,1,1,0,This *could* have been very good Citra.  Moisture level in sample is quite high - enjoy the aroma compounds. Expressive and Classic Citra quality - concerned with moisture level in sample given history of Citra.  Guessing moisture was over 10 to 11% from Kiln ?
22-WA397-113,Mosaic Organic ,#84 West,Official Sensory,Yes,0,3,4,0,0,3,0,1,1,1,3,1,3,0,3,6,4,1,0,0,0,Average internal validated sensory analysis for lot 22-WA397-113
22-WA397-114,Cascade Organic,#84 West,Official Sensory,Yes,0,4,3,0,0,2,0,0,1,1,2,2,2,0,4,6,4,0,0,0,0,Average internal validated sensory analysis for lot 22-WA397-114
22-WA397-115,Cascade Organic,#84 West,Official Sensory,Yes,0,5,4,0,0,3,0,0,1,0,3,2,2,0,2,5,5,0,0,0,0,Average internal validated sensory analysis for lot 22-WA397-115
22-WA397-116,Palisade Organic ,#84 West,Official Sensory,Yes,0,5,4,0,0,2,0,1,0,1,1,1,2,0,3,3,4,1,0,0,0,Average internal validated sensory analysis for lot 22-WA397-116
22-WA397-117,Pahto ,#84 West,Official Sensory,Yes,0,3,4,0,0,4,0,1,1,0,1,1,2,0,4,3,4,1,0,0,0,Average internal validated sensory analysis for lot 22-WA397-117
22-WA397-118,HBC586 Org,#84 West,Official Sensory,Yes,0,2,3,0,0,1,0,2,1,1,1,2,2,0,3,4,4,0,0,0,0,Average internal validated sensory analysis for lot 22-WA397-118
22-WA397-119,Talus ,#84 West,Official Sensory,Yes,0,5,3,0,0,4,0,1,0,2,1,2,4,0,3,7,3,0,0,0,0,Average internal validated sensory analysis for lot 22-WA397-119
22-WA397-120,HBC586,#84 West,Official Sensory,Yes,0,3,3,0,0,3,0,0,0,0,1,1,3,0,3,6,7,0,0,0,0,Average internal validated sensory analysis for lot 22-WA397-120
22-WA397-120,HBC586,#84 West,AU Mock Selection,No,2,3,3,8,0,0,0,0,0,0,0,0,2,0,0,8,5,0,0,0,0,"Lime, pineapple, bubblegum, cumquat, blood orange, herbal"
22-WA397-121,HBC586,#84 West,Official Sensory,Yes,0,3,4,0,0,4,0,1,1,0,1,0,1,0,4,3,4,0,0,0,0,Average internal validated sensory analysis for lot 22-WA397-121
22-WA397-122,Palisade ,#84 West,Official Sensory,Yes,0,3,4,0,0,3,0,1,1,2,1,4,3,0,1,5,1,1,0,0,0,Average internal validated sensory analysis for lot 22-WA397-122
22-WA397-123,Palisade ,#84 West,Official Sensory,Yes,0,4,4,0,0,4,0,1,0,1,1,3,3,0,1,4,3,2,0,0,0,Average internal validated sensory analysis for lot 22-WA397-123
22-WA397-124,Talus ,#84 West,Official Sensory,Yes,0,3,5,0,0,1,0,0,1,1,3,0,2,0,4,6,4,0,0,0,0,Average internal validated sensory analysis for lot 22-WA397-124
22-WA397-124,Talus ,#84 West,Skagit Valley College Sensory,No,0,3,5,9,0,4,0,0,4,0,5,0,5,0,0,6,6,0,1,0,0,"Herbal, bergamot, mint, floral,"
22-WA397-125,Talus ,#84 West,Official Sensory,Yes,0,4,4,0,0,3,0,0,1,1,2,0,2,0,4,5,5,0,0,0,0,Average internal validated sensory analysis for lot 22-WA397-125
22-WA397-126,Talus ,#84 West,AU Mock Selection,Yes,1,4,4,10,0,0,0,0,0,0,3,0,0,0,0,8,9,0,0,0,0,"Over ripe pineapple, lime, rosewater, stewed tropical fruit, bubblegum,"
22-WA397-126,Talus ,#84 West,Official Sensory,Yes,0,4,4,0,0,2,0,0,0,0,2,0,2,0,3,4,5,0,0,0,0,Average internal validated sensory analysis for lot 22-WA397-126
22-WA397-127,Talus ,#84 West,Official Sensory,Yes,0,4,3,0,0,4,0,0,0,1,2,1,2,0,4,6,5,0,0,0,0,Average internal validated sensory analysis for lot 22-WA397-127
22-WA397-128,Citra ,#84 West,Official Sensory,Yes,0,3,4,0,0,4,0,1,2,0,0,0,3,0,2,4,3,2,0,0,0,Average internal validated sensory analysis for lot 22-WA397-128
22-WA397-129,Ahtanum ,#84 West,Official Sensory,Yes,0,2,3,0,0,4,0,1,3,1,3,1,3,0,1,6,3,0,0,0,0,Average internal validated sensory analysis for lot 22-WA397-129
22-WA397-129,Ahtanum ,#84 West,"MILLER COORS, LLC",Yes,1,2,3,8,0,0,0,0,0,0,0,0,0,0,0,0,0,0,0,0,0,
22-WA397-129,Ahtanum ,#84 West,vandeStreek Bier,No,4,2,3,7,0,0,0,0,2,0,3,0,0,0,0,7,0,3,0,0,0,
22-WA397-130,Ahtanum ,#84 West,Surly Brewing Company,Yes,1,2,3,7,0,0,0,1,0,1,1,0,0,0,4,5,2,0,0,0,0,
22-WA397-130,Ahtanum ,#84 West,Official Sensory,Yes,0,2,3,0,0,5,0,0,2,0,3,1,3,0,3,6,3,0,0,0,0,Average internal validated sensory analysis for lot 22-WA397-130
22-WA397-130,Ahtanum ,#84 West,Parallel 49 Brewing,No,3,2,3,6,0,0,0,0,0,0,0,0,0,0,0,0,0,0,0,0,0,
22-WA397-131,HBC522,#84 West,Official Sensory,Yes,0,3,3,0,0,5,0,0,0,0,1,1,5,0,3,7,6,1,0,0,0,Average internal validated sensory analysis for lot 22-WA397-131
22-WA397-132,Pahto ,#84 West,Official Sensory,Yes,0,5,4,0,0,4,0,1,0,1,1,1,3,0,1,4,2,1,0,0,0,Average internal validated sensory analysis for lot 22-WA397-132
22-WA397-132,Pahto ,#84 West,Flying Monkeys Craft Brewery,No,3,5,4,4,0,0,0,4,0,2,2,2,3,0,0,0,0,0,0,0,0,"Pickle, onion garlic"
22-WA397-133,Pahto ,#84 West,Official Sensory,Yes,0,4,3,0,0,3,0,2,1,2,1,2,4,0,1,4,2,3,0,0,0,Average internal validated sensory analysis for lot 22-WA397-133
22-WA397-134,Pahto ,#84 West,Official Sensory,Yes,0,4,3,0,0,4,0,1,1,1,1,1,2,0,1,4,2,1,0,0,0,Average internal validated sensory analysis for lot 22-WA397-134
22-WA397-135,Pahto ,#84 West,Official Sensory,Yes,0,3,4,0,0,6,0,1,2,1,1,3,4,0,1,4,2,1,0,0,0,Average internal validated sensory analysis for lot 22-WA397-135
22-WA397-136,Pahto ,#84 West,Official Sensory,Yes,0,4,4,0,0,3,0,1,1,0,1,1,3,0,1,4,2,2,0,0,0,Average internal validated sensory analysis for lot 22-WA397-136
22-WA397-137,Idaho 7 ,#84 West,Burlington Beer Co.,Yes,1,3,4,10,0,0,0,0,0,0,0,0,0,0,0,0,0,0,0,0,0,N/A
22-WA397-137,Idaho 7 ,#84 West,Canada Group Selection,Yes,1,3,4,9,0,0,0,0,0,0,0,0,0,0,7,0,8,0,0,0,0,
22-WA397-137,Idaho 7 ,#84 West,Official Sensory,Yes,0,3,4,0,0,3,0,0,1,1,1,1,1,0,4,4,7,1,0,0,0,Average internal validated sensory analysis for lot 22-WA397-137
22-WA397-137,Idaho 7 ,#84 West,Revolution Brewing,No,3,3,4,6,0,2,0,4,0,2,5,2,5,0,3,3,3,0,0,0,3,More on the earthy/herbal side with notes of fruit/citrus
22-WA397-137,Idaho 7 ,#84 West,Tennessee Brew Works,No,2,3,4,6,0,3,0,0,0,0,0,0,0,0,0,5,0,1,0,0,0,"Better, Orange, pine green onion"
22-WA397-137,Idaho 7 ,#84 West,Half Acre Beer Co.,No,2,3,4,7,0,7,0,0,0,2,0,0,0,0,0,6,2,7,0,0,0,"Very intense, over-ripe O/G"
22-WA397-137,Idaho 7 ,#84 West,Surly Brewing Company,No,3,3,4,5,0,0,0,2,0,0,2,0,3,0,5,3,5,0,0,0,0,
22-WA397-137,Idaho 7 ,#84 West,Silver City Brewing Co.,No,0,3,4,3,0,0,0,0,0,0,0,3,2,0,4,7,3,4,0,0,7,
22-WA397-137,Idaho 7 ,#84 West,Brewery X,No,4,3,4,4,0,0,0,0,0,0,0,3,0,0,0,3,0,1,3,3,0,"Latex, rose, white cake"
22-WA397-138,Idaho 7 ,#84 West,*YCH (4Group),Yes,1,3,5,10,0,0,0,0,0,0,0,0,0,0,0,0,0,0,0,0,0,N/A
22-WA397-138,Idaho 7 ,#84 West,Official Sensory,Yes,0,3,5,0,0,3,0,0,1,1,0,1,2,0,1,4,4,1,0,0,0,Average internal validated sensory analysis for lot 22-WA397-138
22-WA475-001,EXP,#72 SBG,Official Sensory,Yes,0,1,2,0,0,3,0,1,0,1,1,1,1,0,3,4,4,1,0,0,0,Average internal validated sensory analysis for lot 22-WA475-001
